||Sütunlar|
Satırlar||Belediye, Köy Ve Mahalle Nüfusları|
||Ölçüm bazında|
|||
|||
2025|Balıkesir(Altıeylül/Altıeylül Bel./1.Gündoğan Mah.)-10319|7268.0|
|Balıkesir(Altıeylül/Altıeylül Bel./2.Gündoğan Mah.)-10320|11145.0|
|Balıkesir(Altıeylül/Altıeylül Bel./Akarsu Mah.)-147027|392.0|
|Balıkesir(Altıeylül/Altıeylül Bel./Akçaköy Mah.)-147031|406.0|
|Balıkesir(Altıeylül/Altıeylül Bel./Aliağa Mah.)-146937|169.0|
|Balıkesir(Altıeylül/Altıeylül Bel./Altı Eylül Mah.)-10308|2019.0|
|Balıkesir(Altıeylül/Altıeylül Bel./Aslıhan Mah.)-147033|601.0|
|Balıkesir(Altıeylül/Altıeylül Bel./Aslıhantepeciği Mah.)-147035|958.0|
|Balıkesir(Altıeylül/Altıeylül Bel./Ataköy Mah.)-146975|131.0|
|Balıkesir(Altıeylül/Altıeylül Bel./Atköy Mah.)-147037|1489.0|
|Balıkesir(Altıeylül/Altıeylül Bel./Aynaoğlu Mah.)-147039|282.0|
|Balıkesir(Altıeylül/Altıeylül Bel./Ayşebacı Mah.)-147041|1779.0|
|Balıkesir(Altıeylül/Altıeylül Bel./Ayvacık Mah.)-146977|192.0|
|Balıkesir(Altıeylül/Altıeylül Bel./Ayvatlar Mah.)-147043|280.0|
|Balıkesir(Altıeylül/Altıeylül Bel./Bağalan Mah.)-146939|85.0|
|Balıkesir(Altıeylül/Altıeylül Bel./Bahçedere Mah.)-146941|231.0|
|Balıkesir(Altıeylül/Altıeylül Bel./Bahçelievler Mah.)-10311|40785.0|
|Balıkesir(Altıeylül/Altıeylül Bel./Balıklı Mah.)-147045|1675.0|
|Balıkesir(Altıeylül/Altıeylül Bel./Bayat Mah.)-146979|811.0|
|Balıkesir(Altıeylül/Altıeylül Bel./Bereketli Mah.)-146981|282.0|
|Balıkesir(Altıeylül/Altıeylül Bel./Beşpınar Mah.)-146943|98.0|
|Balıkesir(Altıeylül/Altıeylül Bel./Boğatepe Mah.)-147095|225.0|
|Balıkesir(Altıeylül/Altıeylül Bel./Bozen Mah.)-146983|130.0|
|Balıkesir(Altıeylül/Altıeylül Bel./Büyükbostancı Mah.)-147047|787.0|
|Balıkesir(Altıeylül/Altıeylül Bel./Çakıllık Mah.)-146985|66.0|
|Balıkesir(Altıeylül/Altıeylül Bel./Çamköy Mah.)-146945|133.0|
|Balıkesir(Altıeylül/Altıeylül Bel./Çandır Mah.)-147051|1142.0|
|Balıkesir(Altıeylül/Altıeylül Bel./Çayırhisar Mah.)-147053|5297.0|
|Balıkesir(Altıeylül/Altıeylül Bel./Çiftçidere Mah.)-146989|94.0|
|Balıkesir(Altıeylül/Altıeylül Bel./Çiftlikköy Mah.)-147057|223.0|
|Balıkesir(Altıeylül/Altıeylül Bel./Çınarlıdere Mah.)-146987|56.0|
|Balıkesir(Altıeylül/Altıeylül Bel./Cinge Mah.)-147049|369.0|
|Balıkesir(Altıeylül/Altıeylül Bel./Çukurhüseyin Mah.)-146947|283.0|
|Balıkesir(Altıeylül/Altıeylül Bel./Dallımandıra Mah.)-146949|437.0|
|Balıkesir(Altıeylül/Altıeylül Bel./Dedeburnu Mah.)-146991|242.0|
|Balıkesir(Altıeylül/Altıeylül Bel./Dereçiftlik Mah.)-147059|396.0|
|Balıkesir(Altıeylül/Altıeylül Bel./Dereköy Mah.)-146951|215.0|
|Balıkesir(Altıeylül/Altıeylül Bel./Dinkçiler Mah.)-10313|7782.0|
|Balıkesir(Altıeylül/Altıeylül Bel./Dişbudak Mah.)-146993|169.0|
|Balıkesir(Altıeylül/Altıeylül Bel./Ertuğrul Mah.)-146953|178.0|
|Balıkesir(Altıeylül/Altıeylül Bel./Gaziosmanpaşa Mah.)-10317|12614.0|
|Balıkesir(Altıeylül/Altıeylül Bel./Gökçeören Mah.)-147021|585.0|
|Balıkesir(Altıeylül/Altıeylül Bel./Gökköy Mah.)-147061|1416.0|
|Balıkesir(Altıeylül/Altıeylül Bel./Gümüsçesme Mah.)-10318|9204.0|
|Balıkesir(Altıeylül/Altıeylül Bel./Hacı İlbey Mah.)-10321|1473.0|
|Balıkesir(Altıeylül/Altıeylül Bel./Halalca Mah.)-147063|1426.0|
|Balıkesir(Altıeylül/Altıeylül Bel./Hasan Basri Çantay Mah.)-10323|12005.0|
|Balıkesir(Altıeylül/Altıeylül Bel./İnkaya Mah.)-147065|149.0|
|Balıkesir(Altıeylül/Altıeylül Bel./Kabaklı Mah.)-147067|722.0|
|Balıkesir(Altıeylül/Altıeylül Bel./Karabeyler Mah.)-146995|120.0|
|Balıkesir(Altıeylül/Altıeylül Bel./Karakavak Mah.)-146955|115.0|
|Balıkesir(Altıeylül/Altıeylül Bel./Karakaya Mah.)-147023|115.0|
|Balıkesir(Altıeylül/Altıeylül Bel./Karamanlar Mah.)-146957|683.0|
|Balıkesir(Altıeylül/Altıeylül Bel./Karaman Mah.)-147069|2213.0|
|Balıkesir(Altıeylül/Altıeylül Bel./Kasaplar Mah.)-10327|5361.0|
|Balıkesir(Altıeylül/Altıeylül Bel./Kesirven Mah.)-147029|1147.0|
|Balıkesir(Altıeylül/Altıeylül Bel./Kılcılar Mah.)-146997|165.0|
|Balıkesir(Altıeylül/Altıeylül Bel./Kirazköy Mah.)-146999|151.0|
|Balıkesir(Altıeylül/Altıeylül Bel./Kirazpınar Mah.)-147001|89.0|
|Balıkesir(Altıeylül/Altıeylül Bel./Konakpınar Mah.)-147003|214.0|
|Balıkesir(Altıeylül/Altıeylül Bel./Köseler Mah.)-147071|993.0|
|Balıkesir(Altıeylül/Altıeylül Bel./Köylü Köyü Mah.)-147073|914.0|
|Balıkesir(Altıeylül/Altıeylül Bel./Kozderegüvem Mah.)-147005|279.0|
|Balıkesir(Altıeylül/Altıeylül Bel./Kozören Mah.)-146959|221.0|
|Balıkesir(Altıeylül/Altıeylül Bel./Küçükbostancı Mah.)-147075|523.0|
|Balıkesir(Altıeylül/Altıeylül Bel./Küpeler Mah.)-146965|182.0|
|Balıkesir(Altıeylül/Altıeylül Bel./Kürse Mah.)-147025|187.0|
|Balıkesir(Altıeylül/Altıeylül Bel./Kuşkaya Mah.)-147007|345.0|
|Balıkesir(Altıeylül/Altıeylül Bel./Kutludüğün Mah.)-146961|123.0|
|Balıkesir(Altıeylül/Altıeylül Bel./Kuyualan Mah.)-146963|134.0|
|Balıkesir(Altıeylül/Altıeylül Bel./Macarlar Mah.)-146967|1360.0|
|Balıkesir(Altıeylül/Altıeylül Bel./Meryemdere Mah.)-146969|85.0|
|Balıkesir(Altıeylül/Altıeylül Bel./Nergiz Mah.)-147055|787.0|
|Balıkesir(Altıeylül/Altıeylül Bel./Orhanlı Mah.)-147077|159.0|
|Balıkesir(Altıeylül/Altıeylül Bel./Ortamandıra Mah.)-147079|868.0|
|Balıkesir(Altıeylül/Altıeylül Bel./Ovabayındır Mah.)-147081|510.0|
|Balıkesir(Altıeylül/Altıeylül Bel./Ovaköy Mah.)-147083|1426.0|
|Balıkesir(Altıeylül/Altıeylül Bel./Pamukçu Mah.)-146935|2512.0|
|Balıkesir(Altıeylül/Altıeylül Bel./Paşaköy Mah.)-147085|875.0|
|Balıkesir(Altıeylül/Altıeylül Bel./Plevne Mah.)-10336|18694.0|
|Balıkesir(Altıeylül/Altıeylül Bel./Sarıalan Mah.)-146971|307.0|
|Balıkesir(Altıeylül/Altıeylül Bel./Selimiye Mah.)-147087|527.0|
|Balıkesir(Altıeylül/Altıeylül Bel./Sıvatpınar Mah.)-147009|24.0|
|Balıkesir(Altıeylül/Altıeylül Bel./Sütlüce Mah.)-10339|9175.0|
|Balıkesir(Altıeylül/Altıeylül Bel./Taşköy Mah.)-147011|216.0|
|Balıkesir(Altıeylül/Altıeylül Bel./Taşpınar Mah.)-147013|139.0|
|Balıkesir(Altıeylül/Altıeylül Bel./Tayyipler Mah.)-147015|146.0|
|Balıkesir(Altıeylül/Altıeylül Bel./Türkali Mah.)-147089|223.0|
|Balıkesir(Altıeylül/Altıeylül Bel./Turnalar Mah.)-147017|91.0|
|Balıkesir(Altıeylül/Altıeylül Bel./Yakupköy Mah.)-147091|1478.0|
|Balıkesir(Altıeylül/Altıeylül Bel./Yenice Mah.)-147093|389.0|
|Balıkesir(Altıeylül/Altıeylül Bel./Yeşiller Mah.)-147019|119.0|
|Balıkesir(Altıeylül/Altıeylül Bel./Yeşilyurt Mah.)-146973|234.0|
|Balıkesir(Altıeylül/Altıeylül Bel./Yıldız Mah.)-10343|5341.0|
|Balıkesir(Ayvalık/Ayvalık Bel./150 Evler Mah.)-10370|11252.0|
|Balıkesir(Ayvalık/Ayvalık Bel./Akçapınar Mah.)-147117|1113.0|
|Balıkesir(Ayvalık/Ayvalık Bel./Ali Çetinkaya Mah.)-10355|9701.0|
|Balıkesir(Ayvalık/Ayvalık Bel./Altınova Mah.)-147099|16897.0|
|Balıkesir(Ayvalık/Ayvalık Bel./Bağyüzü Mah.)-147101|601.0|
|Balıkesir(Ayvalık/Ayvalık Bel./Beşiktepe Mah.)-147119|272.0|
|Balıkesir(Ayvalık/Ayvalık Bel./Bulutçeşme Mah.)-147121|230.0|
|Balıkesir(Ayvalık/Ayvalık Bel./Çakmak Mah.)-147123|753.0|
|Balıkesir(Ayvalık/Ayvalık Bel./Çamoba Mah.)-147103|849.0|
|Balıkesir(Ayvalık/Ayvalık Bel./Fethiye Mah.)-10356|1075.0|
|Balıkesir(Ayvalık/Ayvalık Bel./Fevzipaşa-Vehbibey Mah.)-10357|437.0|
|Balıkesir(Ayvalık/Ayvalık Bel./Gazi Kemal Paşa Mah.)-10362|850.0|
|Balıkesir(Ayvalık/Ayvalık Bel./Hacıveliler Mah.)-147105|135.0|
|Balıkesir(Ayvalık/Ayvalık Bel./Hamdibey Mah.)-10358|1180.0|
|Balıkesir(Ayvalık/Ayvalık Bel./Hayrettinpaşa Mah.)-10359|859.0|
|Balıkesir(Ayvalık/Ayvalık Bel./İsmetpaşa Mah.)-10360|320.0|
|Balıkesir(Ayvalık/Ayvalık Bel./Karaayıt Mah.)-147125|380.0|
|Balıkesir(Ayvalık/Ayvalık Bel./Kazım Karabekir Mah.)-10361|912.0|
|Balıkesir(Ayvalık/Ayvalık Bel./Kırcalar Mah.)-147127|372.0|
|Balıkesir(Ayvalık/Ayvalık Bel./Küçükköy Mah.)-147097|11981.0|
|Balıkesir(Ayvalık/Ayvalık Bel./Mithatpaşa Mah.)-10363|2113.0|
|Balıkesir(Ayvalık/Ayvalık Bel./Murateli Mah.)-147107|114.0|
|Balıkesir(Ayvalık/Ayvalık Bel./Mutlu Mah.)-147109|214.0|
|Balıkesir(Ayvalık/Ayvalık Bel./Namık Kemal Mah.)-10364|1344.0|
|Balıkesir(Ayvalık/Ayvalık Bel./Odaburnu Mah.)-147129|215.0|
|Balıkesir(Ayvalık/Ayvalık Bel./Sahil Kent Mah.)-10371|1724.0|
|Balıkesir(Ayvalık/Ayvalık Bel./Sakarya Mah.)-10365|982.0|
|Balıkesir(Ayvalık/Ayvalık Bel./Sefa Çamlık Mah.)-10366|2858.0|
|Balıkesir(Ayvalık/Ayvalık Bel./Tıfıllar Mah.)-147111|195.0|
|Balıkesir(Ayvalık/Ayvalık Bel./Türközü Mah.)-147113|196.0|
|Balıkesir(Ayvalık/Ayvalık Bel./Üçkabaağaç Mah.)-147131|561.0|
|Balıkesir(Ayvalık/Ayvalık Bel./Yeniköy Mah.)-147115|395.0|
|Balıkesir(Ayvalık/Ayvalık Bel./Yeni Mah.)-10368|4251.0|
|Balıkesir(Ayvalık/Ayvalık Bel./Zekibey Mah.)-10369|484.0|
|Balıkesir(Balya/Balya Bel./Akbaş Mah.)-147135|179.0|
|Balıkesir(Balya/Balya Bel./Alidemirci Mah.)-147137|254.0|
|Balıkesir(Balya/Balya Bel./Bengiler Mah.)-147139|331.0|
|Balıkesir(Balya/Balya Bel./Çakallar Mah.)-147141|301.0|
|Balıkesir(Balya/Balya Bel./Çalova Mah.)-147143|205.0|
|Balıkesir(Balya/Balya Bel./Çamavşar Mah.)-147145|559.0|
|Balıkesir(Balya/Balya Bel./Çamucu Mah.)-147147|381.0|
|Balıkesir(Balya/Balya Bel./Çarmık Mah.)-147157|380.0|
|Balıkesir(Balya/Balya Bel./Çiğdem Mah.)-147149|76.0|
|Balıkesir(Balya/Balya Bel./Çukurcak Mah.)-147151|91.0|
|Balıkesir(Balya/Balya Bel./Danişment Mah.)-147191|460.0|
|Balıkesir(Balya/Balya Bel./Değirmendere Mah.)-147193|192.0|
|Balıkesir(Balya/Balya Bel./Dereköy Mah.)-147153|534.0|
|Balıkesir(Balya/Balya Bel./Doğanlar Mah.)-147155|354.0|
|Balıkesir(Balya/Balya Bel./Enverpaşa Mah.)-10382|798.0|
|Balıkesir(Balya/Balya Bel./Farsak Mah.)-147159|93.0|
|Balıkesir(Balya/Balya Bel./Gökmusa Mah.)-147207|106.0|
|Balıkesir(Balya/Balya Bel./Göktepe Mah.)-147161|102.0|
|Balıkesir(Balya/Balya Bel./Göloba Mah.)-147195|139.0|
|Balıkesir(Balya/Balya Bel./Habipler Mah.)-147163|218.0|
|Balıkesir(Balya/Balya Bel./Hacıhüseyin Mah.)-147165|499.0|
|Balıkesir(Balya/Balya Bel./Havutbaşı Mah.)-147167|156.0|
|Balıkesir(Balya/Balya Bel./Ilıca Mah.)-147133|539.0|
|Balıkesir(Balya/Balya Bel./Kadıköy Mah.)-147169|155.0|
|Balıkesir(Balya/Balya Bel./Karacahisar Mah.)-147209|159.0|
|Balıkesir(Balya/Balya Bel./Karlık Mah.)-147211|58.0|
|Balıkesir(Balya/Balya Bel./Kaşıkçı Mah.)-147171|74.0|
|Balıkesir(Balya/Balya Bel./Kavakalanı Mah.)-147173|149.0|
|Balıkesir(Balya/Balya Bel./Kayalar Mah.)-147213|429.0|
|Balıkesir(Balya/Balya Bel./Kayapınar Mah.)-147197|152.0|
|Balıkesir(Balya/Balya Bel./Kocabük Mah.)-147175|222.0|
|Balıkesir(Balya/Balya Bel./Koca Camii Mah.)-10383|1013.0|
|Balıkesir(Balya/Balya Bel./Koyuneri Mah.)-147199|345.0|
|Balıkesir(Balya/Balya Bel./Mancılık Mah.)-147201|317.0|
|Balıkesir(Balya/Balya Bel./Medrese Mah.)-147177|88.0|
|Balıkesir(Balya/Balya Bel./Müstecap Mah.)-147179|193.0|
|Balıkesir(Balya/Balya Bel./Narlı Mah.)-147181|298.0|
|Balıkesir(Balya/Balya Bel./Örenköy Mah.)-147205|172.0|
|Balıkesir(Balya/Balya Bel./Orhanlar Mah.)-147203|304.0|
|Balıkesir(Balya/Balya Bel./Patlak Mah.)-147183|80.0|
|Balıkesir(Balya/Balya Bel./Semizköy Mah.)-147185|108.0|
|Balıkesir(Balya/Balya Bel./Söbücealan Mah.)-147215|90.0|
|Balıkesir(Balya/Balya Bel./Yarışalanı Mah.)-147217|140.0|
|Balıkesir(Balya/Balya Bel./Yaylacık Mah.)-147187|231.0|
|Balıkesir(Balya/Balya Bel./Yazlık Mah.)-147189|83.0|
|Balıkesir(Balya/Balya Bel./Yenikavak Mah.)-147219|489.0|
|Balıkesir(Bandırma/Bandırma Bel./100.Yıl Mah.)-10400|15340.0|
|Balıkesir(Bandırma/Bandırma Bel./17 Eylül Mah.)-10401|15476.0|
|Balıkesir(Bandırma/Bandırma Bel./600 Evler Mah.)-10402|10457.0|
|Balıkesir(Bandırma/Bandırma Bel./Akçapınar Mah.)-147225|368.0|
|Balıkesir(Bandırma/Bandırma Bel./Aksakal Mah.)-147221|858.0|
|Balıkesir(Bandırma/Bandırma Bel./Ayyıldız Mah.)-10386|2573.0|
|Balıkesir(Bandırma/Bandırma Bel./Bentbaşı Mah.)-10387|2649.0|
|Balıkesir(Bandırma/Bandırma Bel./Bereketli Mah.)-147227|483.0|
|Balıkesir(Bandırma/Bandırma Bel./Beyköy Mah.)-147265|116.0|
|Balıkesir(Bandırma/Bandırma Bel./Bezirci Mah.)-147267|214.0|
|Balıkesir(Bandırma/Bandırma Bel./Çakılköy Mah.)-147229|317.0|
|Balıkesir(Bandırma/Bandırma Bel./Çalışkanlar Mah.)-10405|382.0|
|Balıkesir(Bandırma/Bandırma Bel./Çarıkköy Mah.)-147271|130.0|
|Balıkesir(Bandırma/Bandırma Bel./Çepni Mah.)-147273|184.0|
|Balıkesir(Bandırma/Bandırma Bel./Çınarlı Mah.)-10388|7395.0|
|Balıkesir(Bandırma/Bandırma Bel./Çinge Mah.)-147269|60.0|
|Balıkesir(Bandırma/Bandırma Bel./Dedeoba Mah.)-147231|387.0|
|Balıkesir(Bandırma/Bandırma Bel./Dere Mah.)-10389|1306.0|
|Balıkesir(Bandırma/Bandırma Bel./Doğa Mah.)-147255|538.0|
|Balıkesir(Bandırma/Bandırma Bel./Doğanpınar Mah.)-147275|285.0|
|Balıkesir(Bandırma/Bandırma Bel./Doğruca Mah.)-147233|641.0|
|Balıkesir(Bandırma/Bandırma Bel./Dutliman Mah.)-147235|205.0|
|Balıkesir(Bandırma/Bandırma Bel./Edincik Mah.)-147223|4048.0|
|Balıkesir(Bandırma/Bandırma Bel./Emre Mah.)-147237|216.0|
|Balıkesir(Bandırma/Bandırma Bel./Ergili Mah.)-147257|305.0|
|Balıkesir(Bandırma/Bandırma Bel./Erikli Mah.)-147239|468.0|
|Balıkesir(Bandırma/Bandırma Bel./Eskiziraatli Mah.)-147241|208.0|
|Balıkesir(Bandırma/Bandırma Bel./Gölyaka Mah.)-147277|232.0|
|Balıkesir(Bandırma/Bandırma Bel./Günaydın Mah.)-10390|1837.0|
|Balıkesir(Bandırma/Bandırma Bel./Hacı Yusuf Mah.)-10391|9114.0|
|Balıkesir(Bandırma/Bandırma Bel./Haydar Çavuş Mah.)-10392|1236.0|
|Balıkesir(Bandırma/Bandırma Bel./Hıdırköy Mah.)-147279|112.0|
|Balıkesir(Bandırma/Bandırma Bel./İhsaniye Mah.)-10393|14565.0|
|Balıkesir(Bandırma/Bandırma Bel./Karaçalılık Mah.)-624262|105.0|
|Balıkesir(Bandırma/Bandırma Bel./Kayacık Mah.)-10394|4285.0|
|Balıkesir(Bandırma/Bandırma Bel./Kirazlı Mah.)-147259|146.0|
|Balıkesir(Bandırma/Bandırma Bel./Külefli Mah.)-147281|334.0|
|Balıkesir(Bandırma/Bandırma Bel./Kuşcenneti Mah.)-147261|471.0|
|Balıkesir(Bandırma/Bandırma Bel./Levent Mah.)-10395|4957.0|
|Balıkesir(Bandırma/Bandırma Bel./Mahbubeler Mah.)-147243|136.0|
|Balıkesir(Bandırma/Bandırma Bel./Misakça Mah.)-147283|384.0|
|Balıkesir(Bandırma/Bandırma Bel./Ömerli Mah.)-147245|4855.0|
|Balıkesir(Bandırma/Bandırma Bel./Orhaniye Mah.)-147285|212.0|
|Balıkesir(Bandırma/Bandırma Bel./Paşabayır Mah.)-10396|14311.0|
|Balıkesir(Bandırma/Bandırma Bel./Paşakent Mah.)-10404|10753.0|
|Balıkesir(Bandırma/Bandırma Bel./Paşakonak Mah.)-10403|10365.0|
|Balıkesir(Bandırma/Bandırma Bel./Paşamescit Mah.)-10397|2193.0|
|Balıkesir(Bandırma/Bandırma Bel./Sahil Yenice Mah.)-147247|712.0|
|Balıkesir(Bandırma/Bandırma Bel./Şirinçavuş Mah.)-147287|150.0|
|Balıkesir(Bandırma/Bandırma Bel./Sunullah Mah.)-10398|13685.0|
|Balıkesir(Bandırma/Bandırma Bel./Yeni Mah.)-10399|7352.0|
|Balıkesir(Bandırma/Bandırma Bel./Yenisığırcı Mah.)-147249|208.0|
|Balıkesir(Bandırma/Bandırma Bel./Yeniyenice Mah.)-147251|566.0|
|Balıkesir(Bandırma/Bandırma Bel./Yeniziraatli Mah.)-147253|163.0|
|Balıkesir(Bandırma/Bandırma Bel./Yeşilçomlu Mah.)-147263|428.0|
|Balıkesir(Bigadiç/Bigadiç Bel./4 Eylül Mah.)-10423|1691.0|
|Balıkesir(Bigadiç/Bigadiç Bel./Abacı Mah.)-10415|1403.0|
|Balıkesir(Bigadiç/Bigadiç Bel./Adalı Mah.)-147291|464.0|
|Balıkesir(Bigadiç/Bigadiç Bel./Akyar Mah.)-147365|1092.0|
|Balıkesir(Bigadiç/Bigadiç Bel./Alanköy Mah.)-147383|74.0|
|Balıkesir(Bigadiç/Bigadiç Bel./Altınlar Mah.)-147385|244.0|
|Balıkesir(Bigadiç/Bigadiç Bel./Aşağıçamlı Mah.)-147387|84.0|
|Balıkesir(Bigadiç/Bigadiç Bel./Aşağıgöcek Mah.)-147389|96.0|
|Balıkesir(Bigadiç/Bigadiç Bel./Babaköy Mah.)-147293|605.0|
|Balıkesir(Bigadiç/Bigadiç Bel./Bademli Mah.)-147295|396.0|
|Balıkesir(Bigadiç/Bigadiç Bel./Balatlı Mah.)-147297|496.0|
|Balıkesir(Bigadiç/Bigadiç Bel./Başçeşme Mah.)-147367|273.0|
|Balıkesir(Bigadiç/Bigadiç Bel./Beğendikler Mah.)-147299|398.0|
|Balıkesir(Bigadiç/Bigadiç Bel./Bekirler Mah.)-147301|330.0|
|Balıkesir(Bigadiç/Bigadiç Bel./Bozbük Mah.)-147391|143.0|
|Balıkesir(Bigadiç/Bigadiç Bel./Çağış Mah.)-147363|4978.0|
|Balıkesir(Bigadiç/Bigadiç Bel./Camii Mah.)-10416|288.0|
|Balıkesir(Bigadiç/Bigadiç Bel./Çamköy Mah.)-147305|311.0|
|Balıkesir(Bigadiç/Bigadiç Bel./Çavuş Mah.)-10417|2644.0|
|Balıkesir(Bigadiç/Bigadiç Bel./Çayüstü Mah.)-147307|412.0|
|Balıkesir(Bigadiç/Bigadiç Bel./Çekirdekli Mah.)-147309|678.0|
|Balıkesir(Bigadiç/Bigadiç Bel./Çeribaşı Mah.)-147311|460.0|
|Balıkesir(Bigadiç/Bigadiç Bel./Çıtak Mah.)-147393|52.0|
|Balıkesir(Bigadiç/Bigadiç Bel./Çömlekçi Mah.)-147369|530.0|
|Balıkesir(Bigadiç/Bigadiç Bel./Davutça Mah.)-147395|127.0|
|Balıkesir(Bigadiç/Bigadiç Bel./Davutlar Mah.)-147313|302.0|
|Balıkesir(Bigadiç/Bigadiç Bel./Dedeçınar Mah.)-147315|262.0|
|Balıkesir(Bigadiç/Bigadiç Bel./Değirmenli Mah.)-147371|396.0|
|Balıkesir(Bigadiç/Bigadiç Bel./Dere Çerkes Mah.)-147303|91.0|
|Balıkesir(Bigadiç/Bigadiç Bel./Dikkonak Mah.)-147317|122.0|
|Balıkesir(Bigadiç/Bigadiç Bel./Doğançam Mah.)-147319|170.0|
|Balıkesir(Bigadiç/Bigadiç Bel./Dündarcık Mah.)-147397|97.0|
|Balıkesir(Bigadiç/Bigadiç Bel./Durasılar Mah.)-147321|350.0|
|Balıkesir(Bigadiç/Bigadiç Bel./Elyapan Mah.)-147323|582.0|
|Balıkesir(Bigadiç/Bigadiç Bel./Emek Mah.)-10418|3246.0|
|Balıkesir(Bigadiç/Bigadiç Bel./Emirler Mah.)-147325|477.0|
|Balıkesir(Bigadiç/Bigadiç Bel./Esenli Mah.)-147373|460.0|
|Balıkesir(Bigadiç/Bigadiç Bel./Fethibey Mah.)-10419|3344.0|
|Balıkesir(Bigadiç/Bigadiç Bel./Güvemçetmi Mah.)-147375|877.0|
|Balıkesir(Bigadiç/Bigadiç Bel./Hacıömerderesi Mah.)-147399|168.0|
|Balıkesir(Bigadiç/Bigadiç Bel./Hamidiye Mah.)-147327|661.0|
|Balıkesir(Bigadiç/Bigadiç Bel./Hisarköy Mah.)-147329|133.0|
|Balıkesir(Bigadiç/Bigadiç Bel./İğciler Mah.)-147401|62.0|
|Balıkesir(Bigadiç/Bigadiç Bel./İlyaslar Mah.)-147333|683.0|
|Balıkesir(Bigadiç/Bigadiç Bel./Işıklar Mah.)-147331|2173.0|
|Balıkesir(Bigadiç/Bigadiç Bel./İskeleköy Mah.)-147289|1386.0|
|Balıkesir(Bigadiç/Bigadiç Bel./Kadıköy Mah.)-147335|329.0|
|Balıkesir(Bigadiç/Bigadiç Bel./Kalafat Mah.)-147403|158.0|
|Balıkesir(Bigadiç/Bigadiç Bel./Karabahçe Mah.)-147405|44.0|
|Balıkesir(Bigadiç/Bigadiç Bel./Kargın Mah.)-147337|666.0|
|Balıkesir(Bigadiç/Bigadiç Bel./Kayalıdere Mah.)-147339|238.0|
|Balıkesir(Bigadiç/Bigadiç Bel./Kayırlar Mah.)-147341|701.0|
|Balıkesir(Bigadiç/Bigadiç Bel./Kırca Mah.)-147407|191.0|
|Balıkesir(Bigadiç/Bigadiç Bel./Kızılçukur Mah.)-147409|288.0|
|Balıkesir(Bigadiç/Bigadiç Bel./Köseler Mah.)-147411|23.0|
|Balıkesir(Bigadiç/Bigadiç Bel./Kozpınar Mah.)-147343|944.0|
|Balıkesir(Bigadiç/Bigadiç Bel./Küçükyeniköy Mah.)-147377|204.0|
|Balıkesir(Bigadiç/Bigadiç Bel./Kürsü Mah.)-147413|48.0|
|Balıkesir(Bigadiç/Bigadiç Bel./Kuyu Mah.)-10420|2710.0|
|Balıkesir(Bigadiç/Bigadiç Bel./Mecidiye Mah.)-147345|737.0|
|Balıkesir(Bigadiç/Bigadiç Bel./Meyvalı Mah.)-147415|348.0|
|Balıkesir(Bigadiç/Bigadiç Bel./Okçular Mah.)-147347|190.0|
|Balıkesir(Bigadiç/Bigadiç Bel./Okçularyeri Mah.)-147417|116.0|
|Balıkesir(Bigadiç/Bigadiç Bel./Orta Mah.)-10421|747.0|
|Balıkesir(Bigadiç/Bigadiç Bel./Osmanca Mah.)-197929|328.0|
|Balıkesir(Bigadiç/Bigadiç Bel./Özgören Mah.)-147349|229.0|
|Balıkesir(Bigadiç/Bigadiç Bel./Panayır Mah.)-147419|69.0|
|Balıkesir(Bigadiç/Bigadiç Bel./Salmanlı Mah.)-147351|428.0|
|Balıkesir(Bigadiç/Bigadiç Bel./Servi Mah.)-10422|2921.0|
|Balıkesir(Bigadiç/Bigadiç Bel./Topalak Mah.)-147421|184.0|
|Balıkesir(Bigadiç/Bigadiç Bel./Tozağan Mah.)-147423|52.0|
|Balıkesir(Bigadiç/Bigadiç Bel./Turfullar Mah.)-147353|417.0|
|Balıkesir(Bigadiç/Bigadiç Bel./Yağcıbedir Mah.)-147355|185.0|
|Balıkesir(Bigadiç/Bigadiç Bel./Yağcılar Mah.)-147381|108.0|
|Balıkesir(Bigadiç/Bigadiç Bel./Yeniköy Mah.)-147357|376.0|
|Balıkesir(Bigadiç/Bigadiç Bel./Yeşildere Mah.)-147379|431.0|
|Balıkesir(Bigadiç/Bigadiç Bel./Yolbaşı Mah.)-147359|161.0|
|Balıkesir(Bigadiç/Bigadiç Bel./Yukarıçamlı Mah.)-147425|32.0|
|Balıkesir(Bigadiç/Bigadiç Bel./Yukarıgöçek Mah.)-147427|183.0|
|Balıkesir(Bigadiç/Bigadiç Bel./Yürücekler Mah.)-147361|178.0|
|Balıkesir(Burhaniye/Burhaniye Bel./Ağacık Mah.)-147431|184.0|
|Balıkesir(Burhaniye/Burhaniye Bel./Ali Çetinkaya Mah.)-782151|1861.0|
|Balıkesir(Burhaniye/Burhaniye Bel./Avunduk Mah.)-147433|45.0|
|Balıkesir(Burhaniye/Burhaniye Bel./Bahadınlı Mah.)-147435|590.0|
|Balıkesir(Burhaniye/Burhaniye Bel./Bahçelievler Mah.)-10429|11234.0|
|Balıkesir(Burhaniye/Burhaniye Bel./Börezli Mah.)-147437|2894.0|
|Balıkesir(Burhaniye/Burhaniye Bel./Çallı Mah.)-147439|17.0|
|Balıkesir(Burhaniye/Burhaniye Bel./Çamtepe Mah.)-147441|83.0|
|Balıkesir(Burhaniye/Burhaniye Bel./Çoruk Mah.)-147443|355.0|
|Balıkesir(Burhaniye/Burhaniye Bel./Cumhuriyet Mah.)-10430|7037.0|
|Balıkesir(Burhaniye/Burhaniye Bel./Damlalı Mah.)-147445|125.0|
|Balıkesir(Burhaniye/Burhaniye Bel./Dutluca Mah.)-147447|282.0|
|Balıkesir(Burhaniye/Burhaniye Bel./Geriş Mah.)-10431|2451.0|
|Balıkesir(Burhaniye/Burhaniye Bel./Hacıahmet Mah.)-10432|4225.0|
|Balıkesir(Burhaniye/Burhaniye Bel./Hacıbozlar Mah.)-147449|178.0|
|Balıkesir(Burhaniye/Burhaniye Bel./Hisarköy Mah.)-147451|202.0|
|Balıkesir(Burhaniye/Burhaniye Bel./Hürriyet Mah.)-10440|1140.0|
|Balıkesir(Burhaniye/Burhaniye Bel./İskele Mah.)-10433|2864.0|
|Balıkesir(Burhaniye/Burhaniye Bel./Karadere Mah.)-147453|570.0|
|Balıkesir(Burhaniye/Burhaniye Bel./Kırtık Mah.)-147455|214.0|
|Balıkesir(Burhaniye/Burhaniye Bel./Kızıklı Mah.)-147457|1685.0|
|Balıkesir(Burhaniye/Burhaniye Bel./Kocacami Mah.)-10434|5925.0|
|Balıkesir(Burhaniye/Burhaniye Bel./Kurucaoluk Mah.)-147459|272.0|
|Balıkesir(Burhaniye/Burhaniye Bel./Kuyucak Mah.)-147461|35.0|
|Balıkesir(Burhaniye/Burhaniye Bel./Kuyumcu Mah.)-147463|408.0|
|Balıkesir(Burhaniye/Burhaniye Bel./Mahkeme Mah.)-10435|5374.0|
|Balıkesir(Burhaniye/Burhaniye Bel./Memiş Mah.)-10436|3440.0|
|Balıkesir(Burhaniye/Burhaniye Bel./Öğretmenler Mah.)-10437|4989.0|
|Balıkesir(Burhaniye/Burhaniye Bel./Ören Mah.)-10438|3695.0|
|Balıkesir(Burhaniye/Burhaniye Bel./Pelitköy Mah.)-147429|2771.0|
|Balıkesir(Burhaniye/Burhaniye Bel./Şahinler Mah.)-147467|265.0|
|Balıkesir(Burhaniye/Burhaniye Bel./Şarköy Mah.)-147469|512.0|
|Balıkesir(Burhaniye/Burhaniye Bel./Sübeylidere Mah.)-147465|212.0|
|Balıkesir(Burhaniye/Burhaniye Bel./Tahtacı Mah.)-147471|135.0|
|Balıkesir(Burhaniye/Burhaniye Bel./Taylıeli Mah.)-147473|268.0|
|Balıkesir(Burhaniye/Burhaniye Bel./Yabancılar Mah.)-147475|120.0|
|Balıkesir(Burhaniye/Burhaniye Bel./Yaylacık Mah.)-147477|321.0|
|Balıkesir(Burhaniye/Burhaniye Bel./Yunuslar Mah.)-147479|141.0|
|Balıkesir(Burhaniye/Burhaniye Bel./Yunus Mah.)-10439|1251.0|
|Balıkesir(Dursunbey/Dursunbey Bel./Adaören Mah.)-147481|277.0|
|Balıkesir(Dursunbey/Dursunbey Bel./Akbaşlar Mah.)-147483|408.0|
|Balıkesir(Dursunbey/Dursunbey Bel./Akçagüney Mah.)-147667|123.0|
|Balıkesir(Dursunbey/Dursunbey Bel./Akyayla Mah.)-147485|146.0|
|Balıkesir(Dursunbey/Dursunbey Bel./Alaçam Mah.)-147487|119.0|
|Balıkesir(Dursunbey/Dursunbey Bel./Alagüney Mah.)-147595|42.0|
|Balıkesir(Dursunbey/Dursunbey Bel./Arıklar Mah.)-147489|115.0|
|Balıkesir(Dursunbey/Dursunbey Bel./Aşağımusalar Mah.)-147491|235.0|
|Balıkesir(Dursunbey/Dursunbey Bel./Aşağıyağcılar Mah.)-147493|144.0|
|Balıkesir(Dursunbey/Dursunbey Bel./Ayvacık Mah.)-147607|146.0|
|Balıkesir(Dursunbey/Dursunbey Bel./Aziziye Mah.)-147495|146.0|
|Balıkesir(Dursunbey/Dursunbey Bel./Bayıryüzügüney Mah.)-147497|201.0|
|Balıkesir(Dursunbey/Dursunbey Bel./Beyce Mah.)-147637|92.0|
|Balıkesir(Dursunbey/Dursunbey Bel./Beyel Mah.)-147499|251.0|
|Balıkesir(Dursunbey/Dursunbey Bel./Boyalıca Mah.)-147501|85.0|
|Balıkesir(Dursunbey/Dursunbey Bel./Bozyokuş Mah.)-10444|2371.0|
|Balıkesir(Dursunbey/Dursunbey Bel./Büyükakçaalan Mah.)-147503|374.0|
|Balıkesir(Dursunbey/Dursunbey Bel./Çakırca Mah.)-147639|193.0|
|Balıkesir(Dursunbey/Dursunbey Bel./Çakmak Mah.)-10446|1070.0|
|Balıkesir(Dursunbey/Dursunbey Bel./Çaltıcak Mah.)-147597|40.0|
|Balıkesir(Dursunbey/Dursunbey Bel./Çamharman Mah.)-147599|90.0|
|Balıkesir(Dursunbey/Dursunbey Bel./Çamköy Mah.)-147505|159.0|
|Balıkesir(Dursunbey/Dursunbey Bel./Çanakçı Mah.)-147507|326.0|
|Balıkesir(Dursunbey/Dursunbey Bel./Çatalçam Mah.)-147509|167.0|
|Balıkesir(Dursunbey/Dursunbey Bel./Cebeci Mah.)-10445|1368.0|
|Balıkesir(Dursunbey/Dursunbey Bel./Çelikler Mah.)-147511|46.0|
|Balıkesir(Dursunbey/Dursunbey Bel./Çiftçi Mah.)-10447|814.0|
|Balıkesir(Dursunbey/Dursunbey Bel./Çınarköy Mah.)-147513|215.0|
|Balıkesir(Dursunbey/Dursunbey Bel./Dada Mah.)-147669|139.0|
|Balıkesir(Dursunbey/Dursunbey Bel./Değirmenciler Mah.)-147515|69.0|
|Balıkesir(Dursunbey/Dursunbey Bel./Delice Mah.)-147517|710.0|
|Balıkesir(Dursunbey/Dursunbey Bel./Demirciler Mah.)-147601|119.0|
|Balıkesir(Dursunbey/Dursunbey Bel./Dereköy Mah.)-147603|64.0|
|Balıkesir(Dursunbey/Dursunbey Bel./Dodurga Mah.)-147533|332.0|
|Balıkesir(Dursunbey/Dursunbey Bel./Doğancılar Mah.)-147605|56.0|
|Balıkesir(Dursunbey/Dursunbey Bel./Durabeyler Mah.)-147519|787.0|
|Balıkesir(Dursunbey/Dursunbey Bel./Ericek Mah.)-147641|62.0|
|Balıkesir(Dursunbey/Dursunbey Bel./Ferah Mah.)-10448|3887.0|
|Balıkesir(Dursunbey/Dursunbey Bel./Gazellidere Mah.)-147521|53.0|
|Balıkesir(Dursunbey/Dursunbey Bel./Göbül Mah.)-147523|642.0|
|Balıkesir(Dursunbey/Dursunbey Bel./Gökçedağ Mah.)-147593|142.0|
|Balıkesir(Dursunbey/Dursunbey Bel./Gökçepınar Mah.)-147525|52.0|
|Balıkesir(Dursunbey/Dursunbey Bel./Gölcük Mah.)-147643|79.0|
|Balıkesir(Dursunbey/Dursunbey Bel./Güğü Mah.)-147527|384.0|
|Balıkesir(Dursunbey/Dursunbey Bel./Gürleyen Mah.)-147671|34.0|
|Balıkesir(Dursunbey/Dursunbey Bel./Hacıahmetpınarı Mah.)-147529|82.0|
|Balıkesir(Dursunbey/Dursunbey Bel./Hacılar Mah.)-147531|153.0|
|Balıkesir(Dursunbey/Dursunbey Bel./Hamzacık Mah.)-147645|368.0|
|Balıkesir(Dursunbey/Dursunbey Bel./Hasanlar Mah.)-147535|43.0|
|Balıkesir(Dursunbey/Dursunbey Bel./Hindikler Mah.)-147609|41.0|
|Balıkesir(Dursunbey/Dursunbey Bel./Hondular Mah.)-147537|193.0|
|Balıkesir(Dursunbey/Dursunbey Bel./Hopanlar Mah.)-147611|25.0|
|Balıkesir(Dursunbey/Dursunbey Bel./İrfaniye Mah.)-147541|72.0|
|Balıkesir(Dursunbey/Dursunbey Bel./Işıklar Mah.)-147539|105.0|
|Balıkesir(Dursunbey/Dursunbey Bel./İsmailler Mah.)-147543|159.0|
|Balıkesir(Dursunbey/Dursunbey Bel./İstasyon Mah.)-10449|356.0|
|Balıkesir(Dursunbey/Dursunbey Bel./Karagöz Mah.)-147613|124.0|
|Balıkesir(Dursunbey/Dursunbey Bel./Karakaya Mah.)-147647|46.0|
|Balıkesir(Dursunbey/Dursunbey Bel./Karamanlar Mah.)-147545|179.0|
|Balıkesir(Dursunbey/Dursunbey Bel./Karapınar Mah.)-147547|66.0|
|Balıkesir(Dursunbey/Dursunbey Bel./Kardeşler Mah.)-147615|124.0|
|Balıkesir(Dursunbey/Dursunbey Bel./Kavacık Mah.)-147635|452.0|
|Balıkesir(Dursunbey/Dursunbey Bel./Kavakköy Mah.)-147551|85.0|
|Balıkesir(Dursunbey/Dursunbey Bel./Kazimiye Mah.)-147617|62.0|
|Balıkesir(Dursunbey/Dursunbey Bel./Kireç Mah.)-147665|64.0|
|Balıkesir(Dursunbey/Dursunbey Bel./Kızılcadere Mah.)-147553|140.0|
|Balıkesir(Dursunbey/Dursunbey Bel./Kızılöz Mah.)-147555|104.0|
|Balıkesir(Dursunbey/Dursunbey Bel./Küçükakçaalan Mah.)-147621|112.0|
|Balıkesir(Dursunbey/Dursunbey Bel./Küçükler Mah.)-147675|86.0|
|Balıkesir(Dursunbey/Dursunbey Bel./Kumlu Mah.)-147673|75.0|
|Balıkesir(Dursunbey/Dursunbey Bel./Kurtlar Mah.)-147557|137.0|
|Balıkesir(Dursunbey/Dursunbey Bel./Kuzköy Mah.)-147619|46.0|
|Balıkesir(Dursunbey/Dursunbey Bel./Mahmudiye Mah.)-147649|45.0|
|Balıkesir(Dursunbey/Dursunbey Bel./Mahmutça Mah.)-147623|58.0|
|Balıkesir(Dursunbey/Dursunbey Bel./Meydançayırı Mah.)-147651|34.0|
|Balıkesir(Dursunbey/Dursunbey Bel./Mıcırlar Mah.)-147653|299.0|
|Balıkesir(Dursunbey/Dursunbey Bel./Mollaoğlu Mah.)-10450|1268.0|
|Balıkesir(Dursunbey/Dursunbey Bel./Naipler Mah.)-147677|17.0|
|Balıkesir(Dursunbey/Dursunbey Bel./Odaköy Mah.)-147655|199.0|
|Balıkesir(Dursunbey/Dursunbey Bel./Örenköy Mah.)-147625|45.0|
|Balıkesir(Dursunbey/Dursunbey Bel./Osmaniye Mah.)-147559|145.0|
|Balıkesir(Dursunbey/Dursunbey Bel./Poyracık Mah.)-147627|61.0|
|Balıkesir(Dursunbey/Dursunbey Bel./Ramazanlar Mah.)-147561|121.0|
|Balıkesir(Dursunbey/Dursunbey Bel./Reşadiye Mah.)-147565|69.0|
|Balıkesir(Dursunbey/Dursunbey Bel./Resüller Mah.)-147563|89.0|
|Balıkesir(Dursunbey/Dursunbey Bel./Şabanlar Mah.)-147659|417.0|
|Balıkesir(Dursunbey/Dursunbey Bel./Saçayak Mah.)-147567|129.0|
|Balıkesir(Dursunbey/Dursunbey Bel./Sağırlar Mah.)-147569|502.0|
|Balıkesir(Dursunbey/Dursunbey Bel./Sakızköy Mah.)-147571|108.0|
|Balıkesir(Dursunbey/Dursunbey Bel./Sarısipahiler Mah.)-147629|71.0|
|Balıkesir(Dursunbey/Dursunbey Bel./Sarnıçköy Mah.)-147679|211.0|
|Balıkesir(Dursunbey/Dursunbey Bel./Sebiller Mah.)-147681|54.0|
|Balıkesir(Dursunbey/Dursunbey Bel./Selimağa Mah.)-147573|757.0|
|Balıkesir(Dursunbey/Dursunbey Bel./Şenköy Mah.)-147577|178.0|
|Balıkesir(Dursunbey/Dursunbey Bel./Sinderler Mah.)-147575|115.0|
|Balıkesir(Dursunbey/Dursunbey Bel./Süleler Mah.)-147657|296.0|
|Balıkesir(Dursunbey/Dursunbey Bel./Tafak Mah.)-147579|228.0|
|Balıkesir(Dursunbey/Dursunbey Bel./Taşkesiği Mah.)-147581|237.0|
|Balıkesir(Dursunbey/Dursunbey Bel./Taşpınar Mah.)-147683|147.0|
|Balıkesir(Dursunbey/Dursunbey Bel./Tepeköy Mah.)-147583|240.0|
|Balıkesir(Dursunbey/Dursunbey Bel./Tezlik Mah.)-147631|73.0|
|Balıkesir(Dursunbey/Dursunbey Bel./Turnacık Mah.)-147585|178.0|
|Balıkesir(Dursunbey/Dursunbey Bel./Üçeylül Mah.)-10451|3437.0|
|Balıkesir(Dursunbey/Dursunbey Bel./Umurlar Mah.)-147661|118.0|
|Balıkesir(Dursunbey/Dursunbey Bel./Vakıf Mah.)-10452|786.0|
|Balıkesir(Dursunbey/Dursunbey Bel./Veliler Mah.)-147663|139.0|
|Balıkesir(Dursunbey/Dursunbey Bel./Yassıören Mah.)-147587|143.0|
|Balıkesir(Dursunbey/Dursunbey Bel./Yukarımusalar Mah.)-147589|160.0|
|Balıkesir(Dursunbey/Dursunbey Bel./Yukarıyağcılar Mah.)-147591|57.0|
|Balıkesir(Dursunbey/Dursunbey Bel./Yunuslar Mah.)-147633|64.0|
|Balıkesir(Edremit/Edremit Bel./Akçay Mah.)-147691|5727.0|
|Balıkesir(Edremit/Edremit Bel./Altınkum Mah.)-182058|13964.0|
|Balıkesir(Edremit/Edremit Bel./Altınoluk Mah.)-147693|7148.0|
|Balıkesir(Edremit/Edremit Bel./Arıtaşı Mah.)-147723|191.0|
|Balıkesir(Edremit/Edremit Bel./Atatürk Mah.)-131436|2736.0|
|Balıkesir(Edremit/Edremit Bel./Avcılar Mah.)-147725|3195.0|
|Balıkesir(Edremit/Edremit Bel./Beyoba Mah.)-147695|129.0|
|Balıkesir(Edremit/Edremit Bel./Bostancı Mah.)-147697|964.0|
|Balıkesir(Edremit/Edremit Bel./Çamcı Mah.)-147699|558.0|
|Balıkesir(Edremit/Edremit Bel./Camivasat Mah.)-10453|4650.0|
|Balıkesir(Edremit/Edremit Bel./Çamlıbel Mah.)-147701|1889.0|
|Balıkesir(Edremit/Edremit Bel./Cennetayağı Mah.)-10454|15352.0|
|Balıkesir(Edremit/Edremit Bel./Çıkrıkçı Mah.)-147703|390.0|
|Balıkesir(Edremit/Edremit Bel./Cumhuriyet Mah.)-10455|9689.0|
|Balıkesir(Edremit/Edremit Bel./Darsofa Mah.)-10456|4007.0|
|Balıkesir(Edremit/Edremit Bel./Dereli Mah.)-147705|319.0|
|Balıkesir(Edremit/Edremit Bel./Doyran Mah.)-147727|291.0|
|Balıkesir(Edremit/Edremit Bel./Eroğlan Mah.)-182056|6477.0|
|Balıkesir(Edremit/Edremit Bel./Gazicelal Mah.)-10457|6102.0|
|Balıkesir(Edremit/Edremit Bel./Gaziilyas Mah.)-10458|1997.0|
|Balıkesir(Edremit/Edremit Bel./Güre Cumhuriyet Mah.)-182062|1799.0|
|Balıkesir(Edremit/Edremit Bel./Güre Mah.)-147685|2913.0|
|Balıkesir(Edremit/Edremit Bel./Hacıarslanlar Mah.)-147707|317.0|
|Balıkesir(Edremit/Edremit Bel./Hacıtuğrul Mah.)-10459|141.0|
|Balıkesir(Edremit/Edremit Bel./Hamidiye Mah.)-10460|8567.0|
|Balıkesir(Edremit/Edremit Bel./Hekimzade Mah.)-10461|1679.0|
|Balıkesir(Edremit/Edremit Bel./İbrahimce Mah.)-10462|3050.0|
|Balıkesir(Edremit/Edremit Bel./İkizçay Mah.)-182060|12109.0|
|Balıkesir(Edremit/Edremit Bel./İskele Mah.)-182048|4020.0|
|Balıkesir(Edremit/Edremit Bel./Kadıköy Mah.)-147687|8849.0|
|Balıkesir(Edremit/Edremit Bel./Kapıcıbaşı Mah.)-10463|613.0|
|Balıkesir(Edremit/Edremit Bel./Kavlaklar Mah.)-147729|194.0|
|Balıkesir(Edremit/Edremit Bel./Kızılkeçili Mah.)-147709|1364.0|
|Balıkesir(Edremit/Edremit Bel./Mehmetalan Mah.)-147711|385.0|
|Balıkesir(Edremit/Edremit Bel./Narlı Mah.)-147731|1738.0|
|Balıkesir(Edremit/Edremit Bel./Ortaoba Mah.)-147713|1726.0|
|Balıkesir(Edremit/Edremit Bel./Pınarbaşı Mah.)-147715|142.0|
|Balıkesir(Edremit/Edremit Bel./Şahindere Mah.)-182054|8910.0|
|Balıkesir(Edremit/Edremit Bel./Sarıkız Mah.)-182046|8924.0|
|Balıkesir(Edremit/Edremit Bel./Soğanyemez Mah.)-10464|2227.0|
|Balıkesir(Edremit/Edremit Bel./Tahtakuşlar Mah.)-147733|1302.0|
|Balıkesir(Edremit/Edremit Bel./Turhanbey Mah.)-10465|1084.0|
|Balıkesir(Edremit/Edremit Bel./Tuzcumurat Mah.)-10466|12756.0|
|Balıkesir(Edremit/Edremit Bel./Yaşyer Mah.)-147717|466.0|
|Balıkesir(Edremit/Edremit Bel./Yaylaönü Mah.)-147719|285.0|
|Balıkesir(Edremit/Edremit Bel./Yolören Mah.)-147721|1184.0|
|Balıkesir(Edremit/Edremit Bel./Zeytinli Mah.)-147689|3732.0|
|Balıkesir(Erdek/Erdek Bel./Alaettin Mah.)-10485|2812.0|
|Balıkesir(Erdek/Erdek Bel./Aşağıyapıcı Mah.)-147739|206.0|
|Balıkesir(Erdek/Erdek Bel./Atatürk Mah.)-10486|4059.0|
|Balıkesir(Erdek/Erdek Bel./Balıklı Mah.)-147741|201.0|
|Balıkesir(Erdek/Erdek Bel./Ballıpınar Mah.)-147743|369.0|
|Balıkesir(Erdek/Erdek Bel./Belkıs Mah.)-147745|239.0|
|Balıkesir(Erdek/Erdek Bel./Çakıl Mah.)-147747|1588.0|
|Balıkesir(Erdek/Erdek Bel./Çeltikçi Mah.)-147751|248.0|
|Balıkesir(Erdek/Erdek Bel./Doğanlar Mah.)-147753|277.0|
|Balıkesir(Erdek/Erdek Bel./Halitpaşa Mah.)-10487|2092.0|
|Balıkesir(Erdek/Erdek Bel./Hamamlı Mah.)-147755|271.0|
|Balıkesir(Erdek/Erdek Bel./Harmanlı Mah.)-147757|312.0|
|Balıkesir(Erdek/Erdek Bel./İlhan Mah.)-147759|319.0|
|Balıkesir(Erdek/Erdek Bel./Karşıyaka Mah.)-147735|2126.0|
|Balıkesir(Erdek/Erdek Bel./Kestanelik Mah.)-147761|296.0|
|Balıkesir(Erdek/Erdek Bel./Narlı Mah.)-147763|691.0|
|Balıkesir(Erdek/Erdek Bel./Ocaklar Mah.)-147737|1560.0|
|Balıkesir(Erdek/Erdek Bel./Ormanlı Mah.)-147765|163.0|
|Balıkesir(Erdek/Erdek Bel./Paşalimanı Mah.)-147767|190.0|
|Balıkesir(Erdek/Erdek Bel./Poyrazlı Mah.)-147769|248.0|
|Balıkesir(Erdek/Erdek Bel./Sahil Mah.)-99008|1076.0|
|Balıkesir(Erdek/Erdek Bel./Şahinburgaz Mah.)-147749|426.0|
|Balıkesir(Erdek/Erdek Bel./Tatlısu Mah.)-147771|805.0|
|Balıkesir(Erdek/Erdek Bel./Turan Mah.)-147773|447.0|
|Balıkesir(Erdek/Erdek Bel./Tuzla Mah.)-147775|127.0|
|Balıkesir(Erdek/Erdek Bel./Yalı Mah.)-10488|7619.0|
|Balıkesir(Erdek/Erdek Bel./Yukarıyapıcı Mah.)-147777|915.0|
|Balıkesir(Erdek/Erdek Bel./Zeytinli Mah.)-99009|2398.0|
|Balıkesir(Gömeç/Gömeç Bel./Dursunlu Mah.)-147781|162.0|
|Balıkesir(Gömeç/Gömeç Bel./Hacıhüseyinler Mah.)-147783|1088.0|
|Balıkesir(Gömeç/Gömeç Bel./Hacıoğlu Mah.)-147785|351.0|
|Balıkesir(Gömeç/Gömeç Bel./Hacıosman Mah.)-147787|475.0|
|Balıkesir(Gömeç/Gömeç Bel./Karaağaç Mah.)-147779|2740.0|
|Balıkesir(Gömeç/Gömeç Bel./Kemalpaşa Mah.)-10491|4071.0|
|Balıkesir(Gömeç/Gömeç Bel./Keremköy Mah.)-147789|348.0|
|Balıkesir(Gömeç/Gömeç Bel./Kobaşlar Mah.)-147791|150.0|
|Balıkesir(Gömeç/Gömeç Bel./Kumgedik Mah.)-147793|144.0|
|Balıkesir(Gömeç/Gömeç Bel./Kuyualan Mah.)-147795|224.0|
|Balıkesir(Gömeç/Gömeç Bel./Mithatpaşa Mah.)-10492|3365.0|
|Balıkesir(Gömeç/Gömeç Bel./Ulubeyler Mah.)-147797|1371.0|
|Balıkesir(Gömeç/Gömeç Bel./Yaya Mah.)-10493|4531.0|
|Balıkesir(Gönen/Gönen Bel./100.Yıl Mah.)-10506|4442.0|
|Balıkesir(Gönen/Gönen Bel./Akçaali Mah.)-10495|1144.0|
|Balıkesir(Gönen/Gönen Bel./Akçapınar Mah.)-147801|114.0|
|Balıkesir(Gönen/Gönen Bel./Alacaoluk Mah.)-147803|62.0|
|Balıkesir(Gönen/Gönen Bel./Alaettin Mah.)-147805|230.0|
|Balıkesir(Gönen/Gönen Bel./Alaşar Mah.)-147953|129.0|
|Balıkesir(Gönen/Gönen Bel./Altay Mah.)-10496|1700.0|
|Balıkesir(Gönen/Gönen Bel./Armutlu Mah.)-147915|99.0|
|Balıkesir(Gönen/Gönen Bel./Asmalıdere Mah.)-147807|407.0|
|Balıkesir(Gönen/Gönen Bel./Atıcıoba Mah.)-147809|155.0|
|Balıkesir(Gönen/Gönen Bel./Ayvalıdere Mah.)-147917|55.0|
|Balıkesir(Gönen/Gönen Bel./Babayaka Mah.)-147811|143.0|
|Balıkesir(Gönen/Gönen Bel./Bakırlı Mah.)-147813|223.0|
|Balıkesir(Gönen/Gönen Bel./Balcıdede Mah.)-147815|91.0|
|Balıkesir(Gönen/Gönen Bel./Balcı Mah.)-147817|201.0|
|Balıkesir(Gönen/Gönen Bel./Bayramiç Mah.)-147819|198.0|
|Balıkesir(Gönen/Gönen Bel./Beyoluk Mah.)-147821|62.0|
|Balıkesir(Gönen/Gönen Bel./Bostancı Mah.)-147823|458.0|
|Balıkesir(Gönen/Gönen Bel./Buğdaylı Mah.)-147901|1139.0|
|Balıkesir(Gönen/Gönen Bel./Büyüksoğuklar Mah.)-147903|215.0|
|Balıkesir(Gönen/Gönen Bel./Çakmak Mah.)-147955|219.0|
|Balıkesir(Gönen/Gönen Bel./Çalıca Mah.)-147957|86.0|
|Balıkesir(Gönen/Gönen Bel./Çalıoba Mah.)-147827|136.0|
|Balıkesir(Gönen/Gönen Bel./Canbaz Mah.)-147825|105.0|
|Balıkesir(Gönen/Gönen Bel./Çatak Mah.)-147829|64.0|
|Balıkesir(Gönen/Gönen Bel./Çifteçeşmeler Mah.)-147921|306.0|
|Balıkesir(Gönen/Gönen Bel./Çiftlikalan Mah.)-147961|40.0|
|Balıkesir(Gönen/Gönen Bel./Çığmış Mah.)-147919|55.0|
|Balıkesir(Gönen/Gönen Bel./Çınarlı Mah.)-147959|148.0|
|Balıkesir(Gönen/Gönen Bel./Çınarpınar Mah.)-147831|47.0|
|Balıkesir(Gönen/Gönen Bel./Çobanhamidiye Mah.)-147963|248.0|
|Balıkesir(Gönen/Gönen Bel./Dereköy Mah.)-147923|160.0|
|Balıkesir(Gönen/Gönen Bel./Dışbudak Mah.)-147925|139.0|
|Balıkesir(Gönen/Gönen Bel./Dumanalan Mah.)-147833|27.0|
|Balıkesir(Gönen/Gönen Bel./Ekşidere Mah.)-147835|192.0|
|Balıkesir(Gönen/Gönen Bel./Fındıklı Mah.)-147837|337.0|
|Balıkesir(Gönen/Gönen Bel./Gaybular Mah.)-147839|217.0|
|Balıkesir(Gönen/Gönen Bel./Gebeçınar Mah.)-147927|296.0|
|Balıkesir(Gönen/Gönen Bel./Gelgeç Mah.)-147929|140.0|
|Balıkesir(Gönen/Gönen Bel./Geyikli Mah.)-147931|160.0|
|Balıkesir(Gönen/Gönen Bel./Gökçesu Mah.)-147841|104.0|
|Balıkesir(Gönen/Gönen Bel./Gündoğan Mah.)-147933|1285.0|
|Balıkesir(Gönen/Gönen Bel./Gündoğdu Mah.)-10498|5144.0|
|Balıkesir(Gönen/Gönen Bel./Güneşli Mah.)-147843|137.0|
|Balıkesir(Gönen/Gönen Bel./Hacımenteş Mah.)-147845|36.0|
|Balıkesir(Gönen/Gönen Bel./Hacıvelioba Mah.)-147847|250.0|
|Balıkesir(Gönen/Gönen Bel./Hafızhüseyinbey Mah.)-147935|661.0|
|Balıkesir(Gönen/Gönen Bel./Hasanbey Mah.)-147849|1416.0|
|Balıkesir(Gönen/Gönen Bel./Havutça Mah.)-147937|191.0|
|Balıkesir(Gönen/Gönen Bel./Hodul Mah.)-147939|146.0|
|Balıkesir(Gönen/Gönen Bel./Ilıcak Mah.)-147905|371.0|
|Balıkesir(Gönen/Gönen Bel./Ilıcaoba Mah.)-147851|51.0|
|Balıkesir(Gönen/Gönen Bel./İncirli Mah.)-147853|26.0|
|Balıkesir(Gönen/Gönen Bel./Kalburcu Mah.)-147965|141.0|
|Balıkesir(Gönen/Gönen Bel./Kalfaköy Mah.)-147855|185.0|
|Balıkesir(Gönen/Gönen Bel./Kaplanoba Mah.)-147967|75.0|
|Balıkesir(Gönen/Gönen Bel./Karaağaçalan Mah.)-147857|58.0|
|Balıkesir(Gönen/Gönen Bel./Karalarçiftliği Mah.)-147859|393.0|
|Balıkesir(Gönen/Gönen Bel./Karasukabaklar Mah.)-147861|151.0|
|Balıkesir(Gönen/Gönen Bel./Karşıyaka Mah.)-10499|6317.0|
|Balıkesir(Gönen/Gönen Bel./Kavakalan Mah.)-147941|85.0|
|Balıkesir(Gönen/Gönen Bel./Kavakoba Mah.)-147969|106.0|
|Balıkesir(Gönen/Gönen Bel./Keçeler Mah.)-147863|230.0|
|Balıkesir(Gönen/Gönen Bel./Killik Mah.)-147907|101.0|
|Balıkesir(Gönen/Gönen Bel./Kınalar Mah.)-147943|236.0|
|Balıkesir(Gönen/Gönen Bel./Kocapınar Mah.)-147865|418.0|
|Balıkesir(Gönen/Gönen Bel./Koçbayır Mah.)-147971|52.0|
|Balıkesir(Gönen/Gönen Bel./Körpeağaç Mah.)-147869|144.0|
|Balıkesir(Gönen/Gönen Bel./Korudeğirmen Mah.)-147867|135.0|
|Balıkesir(Gönen/Gönen Bel./Köteyli Mah.)-147871|139.0|
|Balıkesir(Gönen/Gönen Bel./Küçüksoğuklar Mah.)-147909|78.0|
|Balıkesir(Gönen/Gönen Bel./Kumköy Mah.)-147873|242.0|
|Balıkesir(Gönen/Gönen Bel./Küpçıktı Mah.)-147973|103.0|
|Balıkesir(Gönen/Gönen Bel./Kurtuluş Mah.)-10500|16117.0|
|Balıkesir(Gönen/Gönen Bel./Malkoç Mah.)-10501|4089.0|
|Balıkesir(Gönen/Gönen Bel./Muratlar Mah.)-147875|211.0|
|Balıkesir(Gönen/Gönen Bel./Ömerler Mah.)-147975|107.0|
|Balıkesir(Gönen/Gönen Bel./Ortaoba Mah.)-147877|103.0|
|Balıkesir(Gönen/Gönen Bel./Osmanpazar Mah.)-147879|279.0|
|Balıkesir(Gönen/Gönen Bel./Paşaçiftlik Mah.)-147911|522.0|
|Balıkesir(Gönen/Gönen Bel./Pehlivanhoca Mah.)-147881|41.0|
|Balıkesir(Gönen/Gönen Bel./Plevne Mah.)-10502|3208.0|
|Balıkesir(Gönen/Gönen Bel./Reşadiye Mah.)-10503|4142.0|
|Balıkesir(Gönen/Gönen Bel./Rüstem Mah.)-10504|3125.0|
|Balıkesir(Gönen/Gönen Bel./Saraçlar Mah.)-147883|183.0|
|Balıkesir(Gönen/Gönen Bel./Sarıköy Mah.)-147799|3873.0|
|Balıkesir(Gönen/Gönen Bel./Şaroluk Mah.)-147889|237.0|
|Balıkesir(Gönen/Gönen Bel./Sebepli Mah.)-147885|323.0|
|Balıkesir(Gönen/Gönen Bel./Söğüt Mah.)-147887|119.0|
|Balıkesir(Gönen/Gönen Bel./Suçıktı Mah.)-147977|92.0|
|Balıkesir(Gönen/Gönen Bel./Tahtalı Mah.)-147945|18.0|
|Balıkesir(Gönen/Gönen Bel./Taştepe Mah.)-147891|53.0|
|Balıkesir(Gönen/Gönen Bel./Tırnova Mah.)-10505|2991.0|
|Balıkesir(Gönen/Gönen Bel./Turplu Mah.)-147947|180.0|
|Balıkesir(Gönen/Gönen Bel./Tütüncü Mah.)-147951|276.0|
|Balıkesir(Gönen/Gönen Bel./Tuzakçı Mah.)-147893|950.0|
|Balıkesir(Gönen/Gönen Bel./Üçpınar Mah.)-147895|102.0|
|Balıkesir(Gönen/Gönen Bel./Ulukır Mah.)-147949|376.0|
|Balıkesir(Gönen/Gönen Bel./Üzümlü Mah.)-147913|202.0|
|Balıkesir(Gönen/Gönen Bel./Yeniakçapınar Mah.)-147897|152.0|
|Balıkesir(Gönen/Gönen Bel./Yürükkeçidere Mah.)-147899|63.0|
|Balıkesir(Havran/Havran Bel./Büyükdere Mah.)-147979|1524.0|
|Balıkesir(Havran/Havran Bel./Büyükşapçı Mah.)-147981|332.0|
|Balıkesir(Havran/Havran Bel./Çakırdere Mah.)-147983|346.0|
|Balıkesir(Havran/Havran Bel./Çakmak Mah.)-148031|342.0|
|Balıkesir(Havran/Havran Bel./Çamdibi Mah.)-147985|1497.0|
|Balıkesir(Havran/Havran Bel./Camiikebir Mah.)-10511|2286.0|
|Balıkesir(Havran/Havran Bel./Çiğitzade Mah.)-10512|493.0|
|Balıkesir(Havran/Havran Bel./Dereören Mah.)-147987|305.0|
|Balıkesir(Havran/Havran Bel./Ebubekir Mah.)-10513|3426.0|
|Balıkesir(Havran/Havran Bel./Eğmir Mah.)-147989|416.0|
|Balıkesir(Havran/Havran Bel./Eseler Mah.)-147991|456.0|
|Balıkesir(Havran/Havran Bel./Fazlıca Mah.)-147993|848.0|
|Balıkesir(Havran/Havran Bel./Halılar Mah.)-147997|278.0|
|Balıkesir(Havran/Havran Bel./Hallaçlar Mah.)-147995|760.0|
|Balıkesir(Havran/Havran Bel./Hamambaşı Mah.)-10514|1973.0|
|Balıkesir(Havran/Havran Bel./Hüseyinbeşeler Mah.)-147999|274.0|
|Balıkesir(Havran/Havran Bel./İnönü Mah.)-148001|155.0|
|Balıkesir(Havran/Havran Bel./Kalabak Mah.)-148003|764.0|
|Balıkesir(Havran/Havran Bel./Karalar Mah.)-148005|58.0|
|Balıkesir(Havran/Havran Bel./Karaoğlanlar Mah.)-148007|214.0|
|Balıkesir(Havran/Havran Bel./Kobaklar Mah.)-148009|741.0|
|Balıkesir(Havran/Havran Bel./Kocadağ Mah.)-148011|308.0|
|Balıkesir(Havran/Havran Bel./Kocaseyit Mah.)-148013|1780.0|
|Balıkesir(Havran/Havran Bel./Köylüce Mah.)-148015|333.0|
|Balıkesir(Havran/Havran Bel./Küçükdere Mah.)-148017|714.0|
|Balıkesir(Havran/Havran Bel./Küçükşapçı Mah.)-148019|561.0|
|Balıkesir(Havran/Havran Bel./Mescit Mah.)-10515|460.0|
|Balıkesir(Havran/Havran Bel./Sarnıç Mah.)-148021|201.0|
|Balıkesir(Havran/Havran Bel./Tarlabaşı Mah.)-148023|205.0|
|Balıkesir(Havran/Havran Bel./Taşarası Mah.)-148025|92.0|
|Balıkesir(Havran/Havran Bel./Tekke Mah.)-10516|1785.0|
|Balıkesir(Havran/Havran Bel./Temaşalık Mah.)-148027|1371.0|
|Balıkesir(Havran/Havran Bel./Tepeoba Mah.)-148029|577.0|
|Balıkesir(Havran/Havran Bel./Yeni Mah.)-10517|2277.0|
|Balıkesir(İvrindi/İvrindi Bel./7eylül Mah.)-10525|1420.0|
|Balıkesir(İvrindi/İvrindi Bel./Akçal Mah.)-148041|158.0|
|Balıkesir(İvrindi/İvrindi Bel./Aşağıkaleoba Mah.)-148043|167.0|
|Balıkesir(İvrindi/İvrindi Bel./Ayaklı Mah.)-148113|330.0|
|Balıkesir(İvrindi/İvrindi Bel./Bahçelievler Mah.)-133371|1766.0|
|Balıkesir(İvrindi/İvrindi Bel./Bedrettin Mah.)-10522|1230.0|
|Balıkesir(İvrindi/İvrindi Bel./Bozören Mah.)-148045|1221.0|
|Balıkesir(İvrindi/İvrindi Bel./Büyükfındık Mah.)-148047|587.0|
|Balıkesir(İvrindi/İvrindi Bel./Büyükılıca Mah.)-148115|223.0|
|Balıkesir(İvrindi/İvrindi Bel./Büyükyenice Mah.)-148039|1828.0|
|Balıkesir(İvrindi/İvrindi Bel./Çarkacı Mah.)-148117|212.0|
|Balıkesir(İvrindi/İvrindi Bel./Çatalan Mah.)-148097|259.0|
|Balıkesir(İvrindi/İvrindi Bel./Çelimler Mah.)-148119|283.0|
|Balıkesir(İvrindi/İvrindi Bel./Çiçekli Mah.)-148099|275.0|
|Balıkesir(İvrindi/İvrindi Bel./Çobanlar Mah.)-148121|317.0|
|Balıkesir(İvrindi/İvrindi Bel./Çukurlar Mah.)-148101|268.0|
|Balıkesir(İvrindi/İvrindi Bel./Çukuroba Mah.)-148049|201.0|
|Balıkesir(İvrindi/İvrindi Bel./Değirmenbaşı Mah.)-148123|713.0|
|Balıkesir(İvrindi/İvrindi Bel./Demirciler Mah.)-148125|169.0|
|Balıkesir(İvrindi/İvrindi Bel./Döşeme Mah.)-148127|113.0|
|Balıkesir(İvrindi/İvrindi Bel./Erdel Mah.)-148051|187.0|
|Balıkesir(İvrindi/İvrindi Bel./Eriklikömürcü Mah.)-148053|65.0|
|Balıkesir(İvrindi/İvrindi Bel./Evciler Mah.)-148087|556.0|
|Balıkesir(İvrindi/İvrindi Bel./Gebeçınar Mah.)-148129|345.0|
|Balıkesir(İvrindi/İvrindi Bel./Geçmiş Mah.)-148055|387.0|
|Balıkesir(İvrindi/İvrindi Bel./Gökçeler Mah.)-148057|301.0|
|Balıkesir(İvrindi/İvrindi Bel./Gökçeyazı Mah.)-148033|1177.0|
|Balıkesir(İvrindi/İvrindi Bel./Gömeniç Mah.)-148089|149.0|
|Balıkesir(İvrindi/İvrindi Bel./Gözlüçayır Mah.)-148059|199.0|
|Balıkesir(İvrindi/İvrindi Bel./Gümeli Mah.)-148131|615.0|
|Balıkesir(İvrindi/İvrindi Bel./Hacıahmetler Mah.)-148133|210.0|
|Balıkesir(İvrindi/İvrindi Bel./Haydar Mah.)-148135|223.0|
|Balıkesir(İvrindi/İvrindi Bel./Hüseyinbeyobası Mah.)-148061|177.0|
|Balıkesir(İvrindi/İvrindi Bel./İkizce Mah.)-148137|186.0|
|Balıkesir(İvrindi/İvrindi Bel./Ilıcakpınar Mah.)-148103|47.0|
|Balıkesir(İvrindi/İvrindi Bel./Karaçepiş Mah.)-148065|625.0|
|Balıkesir(İvrindi/İvrindi Bel./Kaşağıl Mah.)-148139|254.0|
|Balıkesir(İvrindi/İvrindi Bel./Kayapa Mah.)-148035|776.0|
|Balıkesir(İvrindi/İvrindi Bel./Kılcılar Mah.)-148141|100.0|
|Balıkesir(İvrindi/İvrindi Bel./Kına Mah.)-148143|115.0|
|Balıkesir(İvrindi/İvrindi Bel./Kınık Mah.)-148067|366.0|
|Balıkesir(İvrindi/İvrindi Bel./Kıpıklar Mah.)-148145|214.0|
|Balıkesir(İvrindi/İvrindi Bel./Kiraz Ören Mah.)-197735|443.0|
|Balıkesir(İvrindi/İvrindi Bel./Kışladere Mah.)-148147|195.0|
|Balıkesir(İvrindi/İvrindi Bel./Kocaeli Mah.)-148069|629.0|
|Balıkesir(İvrindi/İvrindi Bel./Kocaoba Mah.)-148071|288.0|
|Balıkesir(İvrindi/İvrindi Bel./Korucu Mah.)-148037|774.0|
|Balıkesir(İvrindi/İvrindi Bel./Küçükfındık Mah.)-148073|144.0|
|Balıkesir(İvrindi/İvrindi Bel./Küçükılıca Mah.)-148151|179.0|
|Balıkesir(İvrindi/İvrindi Bel./Küçükyenice Mah.)-148075|613.0|
|Balıkesir(İvrindi/İvrindi Bel./Kurtuluş Mah.)-10523|2194.0|
|Balıkesir(İvrindi/İvrindi Bel./Kuşdere Mah.)-148149|209.0|
|Balıkesir(İvrindi/İvrindi Bel./Mallıca Mah.)-148153|363.0|
|Balıkesir(İvrindi/İvrindi Bel./Okçular Mah.)-181426|507.0|
|Balıkesir(İvrindi/İvrindi Bel./Osmanköy Mah.)-148105|218.0|
|Balıkesir(İvrindi/İvrindi Bel./Osmanlar Mah.)-148077|390.0|
|Balıkesir(İvrindi/İvrindi Bel./Pelitören Mah.)-148107|155.0|
|Balıkesir(İvrindi/İvrindi Bel./Sakarya Mah.)-10524|1100.0|
|Balıkesir(İvrindi/İvrindi Bel./Sarıca Mah.)-148079|136.0|
|Balıkesir(İvrindi/İvrindi Bel./Sarıpınar Mah.)-148109|173.0|
|Balıkesir(İvrindi/İvrindi Bel./Sofular Mah.)-148091|389.0|
|Balıkesir(İvrindi/İvrindi Bel./Soğanbükü Mah.)-148093|799.0|
|Balıkesir(İvrindi/İvrindi Bel./Susuzyayla Mah.)-148111|262.0|
|Balıkesir(İvrindi/İvrindi Bel./Taşdibi Mah.)-148155|121.0|
|Balıkesir(İvrindi/İvrindi Bel./Topuzlar Mah.)-148081|461.0|
|Balıkesir(İvrindi/İvrindi Bel./Yağlılar Mah.)-148083|766.0|
|Balıkesir(İvrindi/İvrindi Bel./Yaren Mah.)-148095|94.0|
|Balıkesir(İvrindi/İvrindi Bel./Yeşilköy Mah.)-148085|124.0|
|Balıkesir(İvrindi/İvrindi Bel./Yukarıkaleoba Mah.)-148063|101.0|
|Balıkesir(İvrindi/İvrindi Bel./Yürekli Mah.)-148157|454.0|
|Balıkesir(Karesi/Karesi Bel./1.Oruçgazi Mah.)-10333|4368.0|
|Balıkesir(Karesi/Karesi Bel./1.Sakarya Mah.)-10337|12195.0|
|Balıkesir(Karesi/Karesi Bel./2.Oruçgazi Mah.)-10334|948.0|
|Balıkesir(Karesi/Karesi Bel./2.Sakarya Mah.)-10338|15925.0|
|Balıkesir(Karesi/Karesi Bel./Adnan Menderes Mah.)-10305|11489.0|
|Balıkesir(Karesi/Karesi Bel./Akıncılar Mah.)-10306|765.0|
|Balıkesir(Karesi/Karesi Bel./Aktarma Mah.)-146907|357.0|
|Balıkesir(Karesi/Karesi Bel./Alacabayır Mah.)-146855|141.0|
|Balıkesir(Karesi/Karesi Bel./Ali Hikmet Paşa Mah.)-10307|8972.0|
|Balıkesir(Karesi/Karesi Bel./Armutalan Mah.)-146857|227.0|
|Balıkesir(Karesi/Karesi Bel./Atatürk Mah.)-10309|14879.0|
|Balıkesir(Karesi/Karesi Bel./Aygören Mah.)-10310|1405.0|
|Balıkesir(Karesi/Karesi Bel./Bakacak Mah.)-146909|925.0|
|Balıkesir(Karesi/Karesi Bel./Beyköy Mah.)-146911|384.0|
|Balıkesir(Karesi/Karesi Bel./Boğazköy Mah.)-146859|73.0|
|Balıkesir(Karesi/Karesi Bel./Büyükpınar Mah.)-146861|168.0|
|Balıkesir(Karesi/Karesi Bel./Çanacık Mah.)-146901|56.0|
|Balıkesir(Karesi/Karesi Bel./Çay Mah.)-10312|1301.0|
|Balıkesir(Karesi/Karesi Bel./Çaypınar Mah.)-146903|301.0|
|Balıkesir(Karesi/Karesi Bel./Davutlar Mah.)-146893|141.0|
|Balıkesir(Karesi/Karesi Bel./Deliklitaş Mah.)-146913|586.0|
|Balıkesir(Karesi/Karesi Bel./Dumlupınar Mah.)-10314|1058.0|
|Balıkesir(Karesi/Karesi Bel./Düzoba Mah.)-146863|101.0|
|Balıkesir(Karesi/Karesi Bel./Ege Mah.)-10315|2797.0|
|Balıkesir(Karesi/Karesi Bel./Eski Kuyumcular Mah.)-10316|953.0|
|Balıkesir(Karesi/Karesi Bel./Fethiye Mah.)-146865|141.0|
|Balıkesir(Karesi/Karesi Bel./Hacı İsmail Mah.)-10322|836.0|
|Balıkesir(Karesi/Karesi Bel./Halkapınar Mah.)-146867|189.0|
|Balıkesir(Karesi/Karesi Bel./Hisaralan Mah.)-146869|290.0|
|Balıkesir(Karesi/Karesi Bel./Hisariçi Mah.)-10324|1023.0|
|Balıkesir(Karesi/Karesi Bel./İbirler Mah.)-146905|243.0|
|Balıkesir(Karesi/Karesi Bel./Kabakdere Mah.)-146915|2050.0|
|Balıkesir(Karesi/Karesi Bel./Kalaycılar Mah.)-146917|697.0|
|Balıkesir(Karesi/Karesi Bel./Kamçıllı Mah.)-197263|564.0|
|Balıkesir(Karesi/Karesi Bel./Karabeyler Mah.)-146871|161.0|
|Balıkesir(Karesi/Karesi Bel./Karakol Mah.)-146873|191.0|
|Balıkesir(Karesi/Karesi Bel./Karaoğlan Mah.)-10325|860.0|
|Balıkesir(Karesi/Karesi Bel./Karesi Mah.)-10326|714.0|
|Balıkesir(Karesi/Karesi Bel./Kavaklı Mah.)-146919|200.0|
|Balıkesir(Karesi/Karesi Bel./Kayabey Mah.)-10328|3148.0|
|Balıkesir(Karesi/Karesi Bel./Kırmızılar Mah.)-146875|258.0|
|Balıkesir(Karesi/Karesi Bel./Kızpınar Mah.)-10329|1070.0|
|Balıkesir(Karesi/Karesi Bel./Kocaavşar Mah.)-146853|1531.0|
|Balıkesir(Karesi/Karesi Bel./Köteyli Mah.)-146921|283.0|
|Balıkesir(Karesi/Karesi Bel./Kurtdere Mah.)-146877|446.0|
|Balıkesir(Karesi/Karesi Bel./Kuva-İ Milliye Mah.)-10330|10269.0|
|Balıkesir(Karesi/Karesi Bel./Maltepe Mah.)-10331|10604.0|
|Balıkesir(Karesi/Karesi Bel./Mirzabey Mah.)-10332|1913.0|
|Balıkesir(Karesi/Karesi Bel./Naipli Mah.)-146923|702.0|
|Balıkesir(Karesi/Karesi Bel./Ortaca Mah.)-146925|224.0|
|Balıkesir(Karesi/Karesi Bel./Ovacık Mah.)-146927|718.0|
|Balıkesir(Karesi/Karesi Bel./Paşa Alanı Mah.)-10335|30191.0|
|Balıkesir(Karesi/Karesi Bel./Şamlı Mah.)-146851|900.0|
|Balıkesir(Karesi/Karesi Bel./Taşkesiği Mah.)-146881|78.0|
|Balıkesir(Karesi/Karesi Bel./Tatlıpınar Mah.)-146879|617.0|
|Balıkesir(Karesi/Karesi Bel./Toybelen Mah.)-146883|175.0|
|Balıkesir(Karesi/Karesi Bel./Toygar Mah.)-10340|24003.0|
|Balıkesir(Karesi/Karesi Bel./Turplu Mah.)-146929|530.0|
|Balıkesir(Karesi/Karesi Bel./Üçpınar Mah.)-146933|1453.0|
|Balıkesir(Karesi/Karesi Bel./Vicdaniye Mah.)-10341|2404.0|
|Balıkesir(Karesi/Karesi Bel./Yağcılar Mah.)-146887|486.0|
|Balıkesir(Karesi/Karesi Bel./Yaylabayır Mah.)-146895|369.0|
|Balıkesir(Karesi/Karesi Bel./Yaylacık Mah.)-146885|447.0|
|Balıkesir(Karesi/Karesi Bel./Yeniiskender Mah.)-146889|77.0|
|Balıkesir(Karesi/Karesi Bel./Yeniköy Mah.)-146897|828.0|
|Balıkesir(Karesi/Karesi Bel./Yeni Mah.)-10344|5218.0|
|Balıkesir(Karesi/Karesi Bel./Yeroluk Mah.)-146891|181.0|
|Balıkesir(Karesi/Karesi Bel./Yeşilova Mah.)-146899|195.0|
|Balıkesir(Karesi/Karesi Bel./Yıldırım Mah.)-10342|1251.0|
|Balıkesir(Karesi/Karesi Bel./Ziyaretli Mah.)-146931|201.0|
|Balıkesir(Kepsut/Kepsut Bel./Ahmetölen Mah.)-148159|72.0|
|Balıkesir(Kepsut/Kepsut Bel./Akçakertil Mah.)-148161|57.0|
|Balıkesir(Kepsut/Kepsut Bel./Akçaköy Mah.)-148163|337.0|
|Balıkesir(Kepsut/Kepsut Bel./Alagüney Mah.)-148165|79.0|
|Balıkesir(Kepsut/Kepsut Bel./Armutlu Mah.)-148167|194.0|
|Balıkesir(Kepsut/Kepsut Bel./Bağtepe Mah.)-148169|177.0|
|Balıkesir(Kepsut/Kepsut Bel./Bektaşlar Mah.)-148171|135.0|
|Balıkesir(Kepsut/Kepsut Bel./Beyköy Mah.)-148173|675.0|
|Balıkesir(Kepsut/Kepsut Bel./Bükdere Mah.)-148247|395.0|
|Balıkesir(Kepsut/Kepsut Bel./Büyükkatrancı Mah.)-148249|114.0|
|Balıkesir(Kepsut/Kepsut Bel./Çalkandil Mah.)-148251|63.0|
|Balıkesir(Kepsut/Kepsut Bel./Camiiatik Mah.)-10539|618.0|
|Balıkesir(Kepsut/Kepsut Bel./Camiicedit Mah.)-10540|3528.0|
|Balıkesir(Kepsut/Kepsut Bel./Dalköy Mah.)-148253|93.0|
|Balıkesir(Kepsut/Kepsut Bel./Danahisar Mah.)-148175|254.0|
|Balıkesir(Kepsut/Kepsut Bel./Darıçukuru Mah.)-148177|82.0|
|Balıkesir(Kepsut/Kepsut Bel./Dedekaşı Mah.)-148179|83.0|
|Balıkesir(Kepsut/Kepsut Bel./Dereli Mah.)-148181|142.0|
|Balıkesir(Kepsut/Kepsut Bel./Dombaydere Mah.)-148183|28.0|
|Balıkesir(Kepsut/Kepsut Bel./Durak Mah.)-148245|57.0|
|Balıkesir(Kepsut/Kepsut Bel./Eşeler Mah.)-148185|668.0|
|Balıkesir(Kepsut/Kepsut Bel./Eyüpbükü Mah.)-148187|100.0|
|Balıkesir(Kepsut/Kepsut Bel./Göbel Mah.)-148189|32.0|
|Balıkesir(Kepsut/Kepsut Bel./Gökköy Mah.)-148255|344.0|
|Balıkesir(Kepsut/Kepsut Bel./Hotaşlar Mah.)-148191|1217.0|
|Balıkesir(Kepsut/Kepsut Bel./İhsaniye Mah.)-10541|785.0|
|Balıkesir(Kepsut/Kepsut Bel./İsaalan Mah.)-148257|418.0|
|Balıkesir(Kepsut/Kepsut Bel./Işıklar Mah.)-148243|105.0|
|Balıkesir(Kepsut/Kepsut Bel./Kalburcu Mah.)-148193|216.0|
|Balıkesir(Kepsut/Kepsut Bel./Karacaağaç Mah.)-148197|64.0|
|Balıkesir(Kepsut/Kepsut Bel./Karaçaltı Mah.)-148201|247.0|
|Balıkesir(Kepsut/Kepsut Bel./Karacaören Mah.)-148199|88.0|
|Balıkesir(Kepsut/Kepsut Bel./Karagöz Mah.)-148203|133.0|
|Balıkesir(Kepsut/Kepsut Bel./Karahaliller Mah.)-148205|104.0|
|Balıkesir(Kepsut/Kepsut Bel./Kasapzade Mah.)-10542|753.0|
|Balıkesir(Kepsut/Kepsut Bel./Kayacıklar Mah.)-148259|65.0|
|Balıkesir(Kepsut/Kepsut Bel./Kayaeli Mah.)-148261|85.0|
|Balıkesir(Kepsut/Kepsut Bel./Keçidere Mah.)-148207|178.0|
|Balıkesir(Kepsut/Kepsut Bel./Kepekler Mah.)-148263|37.0|
|Balıkesir(Kepsut/Kepsut Bel./Kızıloluk Mah.)-148265|65.0|
|Balıkesir(Kepsut/Kepsut Bel./Küçükkatrancı Mah.)-148267|71.0|
|Balıkesir(Kepsut/Kepsut Bel./Mahkeme Mah.)-10543|496.0|
|Balıkesir(Kepsut/Kepsut Bel./Mahmudiye Mah.)-148209|755.0|
|Balıkesir(Kepsut/Kepsut Bel./Mehmetler Mah.)-148211|93.0|
|Balıkesir(Kepsut/Kepsut Bel./Mestanlar Mah.)-148269|126.0|
|Balıkesir(Kepsut/Kepsut Bel./Mezitler Mah.)-148213|81.0|
|Balıkesir(Kepsut/Kepsut Bel./Nusret Mah.)-148215|279.0|
|Balıkesir(Kepsut/Kepsut Bel./Örencik Mah.)-148271|98.0|
|Balıkesir(Kepsut/Kepsut Bel./Örenharman Mah.)-148273|133.0|
|Balıkesir(Kepsut/Kepsut Bel./Örenli Mah.)-148221|151.0|
|Balıkesir(Kepsut/Kepsut Bel./Osmaniye Mah.)-148217|511.0|
|Balıkesir(Kepsut/Kepsut Bel./Ovacık Mah.)-148219|31.0|
|Balıkesir(Kepsut/Kepsut Bel./Piyade Mah.)-148275|230.0|
|Balıkesir(Kepsut/Kepsut Bel./Recep Mah.)-148223|197.0|
|Balıkesir(Kepsut/Kepsut Bel./Saraç Mah.)-148225|615.0|
|Balıkesir(Kepsut/Kepsut Bel./Sarıçayır Mah.)-148227|23.0|
|Balıkesir(Kepsut/Kepsut Bel./Sarıfakılar Mah.)-148229|123.0|
|Balıkesir(Kepsut/Kepsut Bel./Sayacık Mah.)-148277|298.0|
|Balıkesir(Kepsut/Kepsut Bel./Seçdere Mah.)-148279|106.0|
|Balıkesir(Kepsut/Kepsut Bel./Serçeören Mah.)-148231|331.0|
|Balıkesir(Kepsut/Kepsut Bel./Şeremetler Mah.)-148235|286.0|
|Balıkesir(Kepsut/Kepsut Bel./Servet Mah.)-148233|146.0|
|Balıkesir(Kepsut/Kepsut Bel./Tekkeışıklar Mah.)-148237|159.0|
|Balıkesir(Kepsut/Kepsut Bel./Tilkicik Mah.)-148239|21.0|
|Balıkesir(Kepsut/Kepsut Bel./Tuzak Mah.)-148281|66.0|
|Balıkesir(Kepsut/Kepsut Bel./Yaylabaşı Mah.)-148283|290.0|
|Balıkesir(Kepsut/Kepsut Bel./Yenice Mah.)-10544|2541.0|
|Balıkesir(Kepsut/Kepsut Bel./Yeşildağ Mah.)-148195|93.0|
|Balıkesir(Kepsut/Kepsut Bel./Yoğunoluk Mah.)-148241|149.0|
|Balıkesir(Manyas/Manyas Bel./Akçaova Mah.)-148361|463.0|
|Balıkesir(Manyas/Manyas Bel./Atatürk Mah.)-99811|1419.0|
|Balıkesir(Manyas/Manyas Bel./Boğazpınar Mah.)-148289|470.0|
|Balıkesir(Manyas/Manyas Bel./Bölceağaç Mah.)-148291|339.0|
|Balıkesir(Manyas/Manyas Bel./Çakırca Mah.)-148363|278.0|
|Balıkesir(Manyas/Manyas Bel./Çal Mah.)-148295|161.0|
|Balıkesir(Manyas/Manyas Bel./Çamlı Mah.)-148297|338.0|
|Balıkesir(Manyas/Manyas Bel./Çarşı Mah.)-10545|2686.0|
|Balıkesir(Manyas/Manyas Bel./Çataltepe Mah.)-148299|87.0|
|Balıkesir(Manyas/Manyas Bel./Çavuşköy Mah.)-148301|215.0|
|Balıkesir(Manyas/Manyas Bel./Cumhuriyet Mah.)-148293|162.0|
|Balıkesir(Manyas/Manyas Bel./Darıca Mah.)-148341|310.0|
|Balıkesir(Manyas/Manyas Bel./Değirmenboğazı Mah.)-148343|87.0|
|Balıkesir(Manyas/Manyas Bel./Dereköy Mah.)-148303|66.0|
|Balıkesir(Manyas/Manyas Bel./Doğancı Mah.)-148365|51.0|
|Balıkesir(Manyas/Manyas Bel./Dura Mah.)-148367|229.0|
|Balıkesir(Manyas/Manyas Bel./Erecek Mah.)-148305|114.0|
|Balıkesir(Manyas/Manyas Bel./Eşen Mah.)-148309|166.0|
|Balıkesir(Manyas/Manyas Bel./Eskiçatal Mah.)-148307|369.0|
|Balıkesir(Manyas/Manyas Bel./Eskimanyas Mah.)-148333|177.0|
|Balıkesir(Manyas/Manyas Bel./Hacıibrahimpınarı Mah.)-148345|124.0|
|Balıkesir(Manyas/Manyas Bel./Hacıosman Mah.)-148347|84.0|
|Balıkesir(Manyas/Manyas Bel./Hacıyakup Mah.)-148349|51.0|
|Balıkesir(Manyas/Manyas Bel./Hamamlı Mah.)-148369|276.0|
|Balıkesir(Manyas/Manyas Bel./Haydar Mah.)-148311|219.0|
|Balıkesir(Manyas/Manyas Bel./Hekim Mah.)-148313|220.0|
|Balıkesir(Manyas/Manyas Bel./İrşadiye Mah.)-148315|57.0|
|Balıkesir(Manyas/Manyas Bel./Işıklar Mah.)-148351|105.0|
|Balıkesir(Manyas/Manyas Bel./Kalebayır Mah.)-181424|402.0|
|Balıkesir(Manyas/Manyas Bel./Kalfa Mah.)-148317|60.0|
|Balıkesir(Manyas/Manyas Bel./Kapaklı Mah.)-148319|181.0|
|Balıkesir(Manyas/Manyas Bel./Karakabaağaç Mah.)-148353|73.0|
|Balıkesir(Manyas/Manyas Bel./Kayaca Mah.)-148321|156.0|
|Balıkesir(Manyas/Manyas Bel./Kızık Mah.)-148323|359.0|
|Balıkesir(Manyas/Manyas Bel./Kızıksa Mah.)-148285|848.0|
|Balıkesir(Manyas/Manyas Bel./Kocagöl Mah.)-148371|453.0|
|Balıkesir(Manyas/Manyas Bel./Koçoğlu Mah.)-148325|303.0|
|Balıkesir(Manyas/Manyas Bel./Kubaş Mah.)-148327|96.0|
|Balıkesir(Manyas/Manyas Bel./Kulak Mah.)-148329|404.0|
|Balıkesir(Manyas/Manyas Bel./Maltepe Mah.)-10546|713.0|
|Balıkesir(Manyas/Manyas Bel./Necip Mah.)-148355|143.0|
|Balıkesir(Manyas/Manyas Bel./Ören Mah.)-148357|56.0|
|Balıkesir(Manyas/Manyas Bel./Peynirkuyu Mah.)-148331|313.0|
|Balıkesir(Manyas/Manyas Bel./Salur Mah.)-148287|938.0|
|Balıkesir(Manyas/Manyas Bel./Şevketiye Mah.)-148359|285.0|
|Balıkesir(Manyas/Manyas Bel./Süleymanlı Mah.)-148373|379.0|
|Balıkesir(Manyas/Manyas Bel./Tepecik Mah.)-148335|205.0|
|Balıkesir(Manyas/Manyas Bel./Yayla Mah.)-148337|110.0|
|Balıkesir(Manyas/Manyas Bel./Yeniköy Mah.)-148339|228.0|
|Balıkesir(Manyas/Manyas Bel./Yeni Mah.)-10547|1622.0|
|Balıkesir(Marmara/Marmara Bel./Abroz Mah.)-197253|424.0|
|Balıkesir(Marmara/Marmara Bel./Asmalı Mah.)-148379|312.0|
|Balıkesir(Marmara/Marmara Bel./Avşa Mah.)-148375|1060.0|
|Balıkesir(Marmara/Marmara Bel./Çınarlı Mah.)-10561|564.0|
|Balıkesir(Marmara/Marmara Bel./Cumhuriyet Mah.)-10553|609.0|
|Balıkesir(Marmara/Marmara Bel./Deniz Mah.)-197257|2258.0|
|Balıkesir(Marmara/Marmara Bel./Ekinlik Mah.)-148381|163.0|
|Balıkesir(Marmara/Marmara Bel./Gündoğdu Mah.)-148383|335.0|
|Balıkesir(Marmara/Marmara Bel./Hürriyet Mah.)-10554|608.0|
|Balıkesir(Marmara/Marmara Bel./Okullar Mah.)-10555|713.0|
|Balıkesir(Marmara/Marmara Bel./Saraylar Mah.)-148377|2497.0|
|Balıkesir(Marmara/Marmara Bel./Topağaç Mah.)-148385|688.0|
|Balıkesir(Marmara/Marmara Bel./Yeni Mah.)-107438|654.0|
|Balıkesir(Marmara/Marmara Bel./Yiğitler Mah.)-197255|942.0|
|Balıkesir(Savaştepe/Savaştepe Bel./Akpınar Mah.)-148389|110.0|
|Balıkesir(Savaştepe/Savaştepe Bel./Ardıçlı Mah.)-148391|74.0|
|Balıkesir(Savaştepe/Savaştepe Bel./Aşağıdanişment Mah.)-148393|154.0|
|Balıkesir(Savaştepe/Savaştepe Bel./Beyköy Mah.)-148395|49.0|
|Balıkesir(Savaştepe/Savaştepe Bel./Bozalan Mah.)-148397|109.0|
|Balıkesir(Savaştepe/Savaştepe Bel./Çaltılı Mah.)-148399|61.0|
|Balıkesir(Savaştepe/Savaştepe Bel./Çamurlu Mah.)-148401|87.0|
|Balıkesir(Savaştepe/Savaştepe Bel./Çavlı Mah.)-148403|79.0|
|Balıkesir(Savaştepe/Savaştepe Bel./Çiftlikdere Mah.)-148405|44.0|
|Balıkesir(Savaştepe/Savaştepe Bel./Çukurçayır Mah.)-148457|73.0|
|Balıkesir(Savaştepe/Savaştepe Bel./Cumhuriyet Mah.)-10564|4323.0|
|Balıkesir(Savaştepe/Savaştepe Bel./Deveören Mah.)-148407|65.0|
|Balıkesir(Savaştepe/Savaştepe Bel./Dikmeler Mah.)-148409|127.0|
|Balıkesir(Savaştepe/Savaştepe Bel./Eğerci Mah.)-148411|72.0|
|Balıkesir(Savaştepe/Savaştepe Bel./Esenköy Mah.)-148459|81.0|
|Balıkesir(Savaştepe/Savaştepe Bel./Fatih Mah.)-10565|1535.0|
|Balıkesir(Savaştepe/Savaştepe Bel./Güvemküçüktarla Mah.)-148413|241.0|
|Balıkesir(Savaştepe/Savaştepe Bel./Güvem Mah.)-148461|87.0|
|Balıkesir(Savaştepe/Savaştepe Bel./Hıdırbalı Mah.)-148415|26.0|
|Balıkesir(Savaştepe/Savaştepe Bel./Hürriyet Mah.)-10566|523.0|
|Balıkesir(Savaştepe/Savaştepe Bel./İsadere Mah.)-148417|226.0|
|Balıkesir(Savaştepe/Savaştepe Bel./İstiklal Mah.)-10567|1422.0|
|Balıkesir(Savaştepe/Savaştepe Bel./Kalemköy Mah.)-148419|74.0|
|Balıkesir(Savaştepe/Savaştepe Bel./Karacalar Mah.)-148421|586.0|
|Balıkesir(Savaştepe/Savaştepe Bel./Karaçam Mah.)-148423|243.0|
|Balıkesir(Savaştepe/Savaştepe Bel./Karapınar Mah.)-148425|140.0|
|Balıkesir(Savaştepe/Savaştepe Bel./Kocabıyıklar Mah.)-148427|93.0|
|Balıkesir(Savaştepe/Savaştepe Bel./Kocaören Mah.)-148429|38.0|
|Balıkesir(Savaştepe/Savaştepe Bel./Koğukyurt Mah.)-148465|68.0|
|Balıkesir(Savaştepe/Savaştepe Bel./Kongurca Mah.)-148463|60.0|
|Balıkesir(Savaştepe/Savaştepe Bel./Kurudere Mah.)-148431|165.0|
|Balıkesir(Savaştepe/Savaştepe Bel./Madenmezarı Mah.)-148467|140.0|
|Balıkesir(Savaştepe/Savaştepe Bel./Mecidiye Mah.)-148433|161.0|
|Balıkesir(Savaştepe/Savaştepe Bel./Minnetler Mah.)-148469|192.0|
|Balıkesir(Savaştepe/Savaştepe Bel./Pelitcik Mah.)-148435|91.0|
|Balıkesir(Savaştepe/Savaştepe Bel./Sarıbeyler Mah.)-148387|1930.0|
|Balıkesir(Savaştepe/Savaştepe Bel./Sarısüleymanlar Mah.)-148437|217.0|
|Balıkesir(Savaştepe/Savaştepe Bel./Sıtmapınar Mah.)-148471|72.0|
|Balıkesir(Savaştepe/Savaştepe Bel./Soğucak Mah.)-148439|164.0|
|Balıkesir(Savaştepe/Savaştepe Bel./Söğütçük Mah.)-148441|262.0|
|Balıkesir(Savaştepe/Savaştepe Bel./Söğütlügözle Mah.)-148443|32.0|
|Balıkesir(Savaştepe/Savaştepe Bel./Tavşancık Mah.)-148445|90.0|
|Balıkesir(Savaştepe/Savaştepe Bel./Türediler Mah.)-148473|67.0|
|Balıkesir(Savaştepe/Savaştepe Bel./Yazören Mah.)-148447|120.0|
|Balıkesir(Savaştepe/Savaştepe Bel./Yeşilhisar Mah.)-148449|544.0|
|Balıkesir(Savaştepe/Savaştepe Bel./Yolcupınarı Mah.)-148475|51.0|
|Balıkesir(Savaştepe/Savaştepe Bel./Yukarıdanişment Mah.)-148451|91.0|
|Balıkesir(Savaştepe/Savaştepe Bel./Yukarıkaraçam Mah.)-148453|38.0|
|Balıkesir(Savaştepe/Savaştepe Bel./Yunakdere Mah.)-148455|131.0|
|Balıkesir(Savaştepe/Savaştepe Bel./Zafer Mah.)-10568|838.0|
|Balıkesir(Sındırgı/Sındırgı Bel./Akçakısrak Mah.)-148603|298.0|
|Balıkesir(Sındırgı/Sındırgı Bel./Aktaş Mah.)-148483|111.0|
|Balıkesir(Sındırgı/Sındırgı Bel./Alacaatlı Mah.)-148485|398.0|
|Balıkesir(Sındırgı/Sındırgı Bel./Alakır Mah.)-148487|191.0|
|Balıkesir(Sındırgı/Sındırgı Bel./Alayaka Mah.)-148569|330.0|
|Balıkesir(Sındırgı/Sındırgı Bel./Armutlu Mah.)-148489|298.0|
|Balıkesir(Sındırgı/Sındırgı Bel./Aslandede Mah.)-148491|258.0|
|Balıkesir(Sındırgı/Sındırgı Bel./Bayraklı Mah.)-148495|128.0|
|Balıkesir(Sındırgı/Sındırgı Bel./Bükrecik Mah.)-148609|88.0|
|Balıkesir(Sındırgı/Sındırgı Bel./Bulak Mah.)-148571|92.0|
|Balıkesir(Sındırgı/Sındırgı Bel./Büyükdağdere Mah.)-148497|477.0|
|Balıkesir(Sındırgı/Sındırgı Bel./Çakıllı Mah.)-148499|144.0|
|Balıkesir(Sındırgı/Sındırgı Bel./Çaltılı Mah.)-148501|18.0|
|Balıkesir(Sındırgı/Sındırgı Bel./Çamalanı Mah.)-148573|257.0|
|Balıkesir(Sındırgı/Sındırgı Bel./Camicedit Mah.)-10574|3060.0|
|Balıkesir(Sındırgı/Sındırgı Bel./Camikebir Mah.)-10575|2332.0|
|Balıkesir(Sındırgı/Sındırgı Bel./Çavdaroğlu Mah.)-10576|1873.0|
|Balıkesir(Sındırgı/Sındırgı Bel./Çaygören Mah.)-148503|168.0|
|Balıkesir(Sındırgı/Sındırgı Bel./Çayır Mah.)-148575|50.0|
|Balıkesir(Sındırgı/Sındırgı Bel./Çelebiler Mah.)-148505|154.0|
|Balıkesir(Sındırgı/Sındırgı Bel./Çıkrıkçı Mah.)-148577|154.0|
|Balıkesir(Sındırgı/Sındırgı Bel./Çılbırcı Mah.)-148579|103.0|
|Balıkesir(Sındırgı/Sındırgı Bel./Çoturtepe Mah.)-148507|130.0|
|Balıkesir(Sındırgı/Sındırgı Bel./Cüneyt Mah.)-148493|148.0|
|Balıkesir(Sındırgı/Sındırgı Bel./Danaçayır Mah.)-148509|47.0|
|Balıkesir(Sındırgı/Sındırgı Bel./Dedeler Mah.)-148581|95.0|
|Balıkesir(Sındırgı/Sındırgı Bel./Derecikören Mah.)-148583|233.0|
|Balıkesir(Sındırgı/Sındırgı Bel./Devletlibaba Mah.)-148585|150.0|
|Balıkesir(Sındırgı/Sındırgı Bel./Düğüncüler Mah.)-148587|172.0|
|Balıkesir(Sındırgı/Sındırgı Bel./Düvertepe Mah.)-148567|236.0|
|Balıkesir(Sındırgı/Sındırgı Bel./Eğridere Mah.)-148605|259.0|
|Balıkesir(Sındırgı/Sındırgı Bel./Emendere Mah.)-148513|399.0|
|Balıkesir(Sındırgı/Sındırgı Bel./Eşmedere Mah.)-148607|235.0|
|Balıkesir(Sındırgı/Sındırgı Bel./Gölcük Mah.)-148481|719.0|
|Balıkesir(Sındırgı/Sındırgı Bel./Gözören Mah.)-148589|104.0|
|Balıkesir(Sındırgı/Sındırgı Bel./Hisaralan Mah.)-148511|207.0|
|Balıkesir(Sındırgı/Sındırgı Bel./İbiller Mah.)-148517|405.0|
|Balıkesir(Sındırgı/Sındırgı Bel./Işıklar Mah.)-148515|411.0|
|Balıkesir(Sındırgı/Sındırgı Bel./İzzettin Mah.)-148591|259.0|
|Balıkesir(Sındırgı/Sındırgı Bel./Karaağaç Mah.)-148519|243.0|
|Balıkesir(Sındırgı/Sındırgı Bel./Karacalar Mah.)-148593|85.0|
|Balıkesir(Sındırgı/Sındırgı Bel./Karagür Mah.)-148521|241.0|
|Balıkesir(Sındırgı/Sındırgı Bel./Karakaya Mah.)-197233|385.0|
|Balıkesir(Sındırgı/Sındırgı Bel./Kepez Mah.)-148523|134.0|
|Balıkesir(Sındırgı/Sındırgı Bel./Kertil Mah.)-148525|150.0|
|Balıkesir(Sındırgı/Sındırgı Bel./Kınık Mah.)-148527|546.0|
|Balıkesir(Sındırgı/Sındırgı Bel./Kıranköy Mah.)-148529|103.0|
|Balıkesir(Sındırgı/Sındırgı Bel./Kızılgür Mah.)-148531|116.0|
|Balıkesir(Sındırgı/Sındırgı Bel./Kocabey Mah.)-148533|179.0|
|Balıkesir(Sındırgı/Sındırgı Bel./Kocakonak Mah.)-10579|1357.0|
|Balıkesir(Sındırgı/Sındırgı Bel./Kocasinan Mah.)-148535|302.0|
|Balıkesir(Sındırgı/Sındırgı Bel./Kozlu Mah.)-148537|229.0|
|Balıkesir(Sındırgı/Sındırgı Bel./Küçükbükü Mah.)-148539|245.0|
|Balıkesir(Sındırgı/Sındırgı Bel./Küçükdağdere Mah.)-148541|276.0|
|Balıkesir(Sındırgı/Sındırgı Bel./Kürendere Mah.)-148595|285.0|
|Balıkesir(Sındırgı/Sındırgı Bel./Kurtuluş Mah.)-10577|2863.0|
|Balıkesir(Sındırgı/Sındırgı Bel./Mandıra Mah.)-148543|215.0|
|Balıkesir(Sındırgı/Sındırgı Bel./Mumcuköy Mah.)-148597|227.0|
|Balıkesir(Sındırgı/Sındırgı Bel./Ormaniçi Mah.)-148545|61.0|
|Balıkesir(Sındırgı/Sındırgı Bel./Osmanlar Mah.)-148547|564.0|
|Balıkesir(Sındırgı/Sındırgı Bel./Pelitören Mah.)-148599|66.0|
|Balıkesir(Sındırgı/Sındırgı Bel./Pürsünler Mah.)-148549|303.0|
|Balıkesir(Sındırgı/Sındırgı Bel./Rızaiye Mah.)-10578|464.0|
|Balıkesir(Sındırgı/Sındırgı Bel./Şahinkaya Mah.)-148555|128.0|
|Balıkesir(Sındırgı/Sındırgı Bel./Şapçı Mah.)-148601|121.0|
|Balıkesir(Sındırgı/Sındırgı Bel./Sinandede Mah.)-148551|116.0|
|Balıkesir(Sındırgı/Sındırgı Bel./Süller Mah.)-148553|372.0|
|Balıkesir(Sındırgı/Sındırgı Bel./Taşköy Mah.)-148557|309.0|
|Balıkesir(Sındırgı/Sındırgı Bel./Umurlar Mah.)-148559|807.0|
|Balıkesir(Sındırgı/Sındırgı Bel./Yağcıbedir Mah.)-185438|1631.0|
|Balıkesir(Sındırgı/Sındırgı Bel./Yaylabayır Mah.)-148477|801.0|
|Balıkesir(Sındırgı/Sındırgı Bel./Yaylacık Mah.)-148561|169.0|
|Balıkesir(Sındırgı/Sındırgı Bel./Yolcupınar Mah.)-148563|120.0|
|Balıkesir(Sındırgı/Sındırgı Bel./Yüreğil Mah.)-148479|1679.0|
|Balıkesir(Sındırgı/Sındırgı Bel./Yusufçamı Mah.)-148565|399.0|
|Balıkesir(Susurluk/Susurluk Bel./Alibey Mah.)-148683|114.0|
|Balıkesir(Susurluk/Susurluk Bel./Asmalıdere Mah.)-148685|79.0|
|Balıkesir(Susurluk/Susurluk Bel./Aziziye Mah.)-148615|151.0|
|Balıkesir(Susurluk/Susurluk Bel./Babaköy Mah.)-148617|322.0|
|Balıkesir(Susurluk/Susurluk Bel./Balıklıdere Mah.)-148619|304.0|
|Balıkesir(Susurluk/Susurluk Bel./Beyköy Mah.)-148667|238.0|
|Balıkesir(Susurluk/Susurluk Bel./Bozen Mah.)-148621|333.0|
|Balıkesir(Susurluk/Susurluk Bel./Burhaniye Mah.)-10591|2567.0|
|Balıkesir(Susurluk/Susurluk Bel./Buzağılık Mah.)-148623|246.0|
|Balıkesir(Susurluk/Susurluk Bel./Danaveli Mah.)-148687|411.0|
|Balıkesir(Susurluk/Susurluk Bel./Demirkapı Mah.)-148689|598.0|
|Balıkesir(Susurluk/Susurluk Bel./Dereköy Mah.)-148625|728.0|
|Balıkesir(Susurluk/Susurluk Bel./Duman Mah.)-148627|44.0|
|Balıkesir(Susurluk/Susurluk Bel./Ekinlik Mah.)-148629|58.0|
|Balıkesir(Susurluk/Susurluk Bel./Eminpınarı Mah.)-148691|93.0|
|Balıkesir(Susurluk/Susurluk Bel./Göbel Mah.)-148613|1686.0|
|Balıkesir(Susurluk/Susurluk Bel./Gökçeağaç Mah.)-148631|228.0|
|Balıkesir(Susurluk/Susurluk Bel./Gökçedere Mah.)-148693|139.0|
|Balıkesir(Susurluk/Susurluk Bel./Günaydın Mah.)-148633|187.0|
|Balıkesir(Susurluk/Susurluk Bel./Gürece Mah.)-148635|312.0|
|Balıkesir(Susurluk/Susurluk Bel./Han Mah.)-10592|3331.0|
|Balıkesir(Susurluk/Susurluk Bel./İclaliye Mah.)-148637|75.0|
|Balıkesir(Susurluk/Susurluk Bel./Ilıcaboğazı Mah.)-148669|156.0|
|Balıkesir(Susurluk/Susurluk Bel./Kalfaköy Mah.)-148639|89.0|
|Balıkesir(Susurluk/Susurluk Bel./Karaköy Mah.)-148641|517.0|
|Balıkesir(Susurluk/Susurluk Bel./Karapürçek Mah.)-148611|1404.0|
|Balıkesir(Susurluk/Susurluk Bel./Karşıyaka Mah.)-10593|2770.0|
|Balıkesir(Susurluk/Susurluk Bel./Kayalıdere Mah.)-148695|49.0|
|Balıkesir(Susurluk/Susurluk Bel./Kayıkçı Mah.)-148643|251.0|
|Balıkesir(Susurluk/Susurluk Bel./Kepekler Mah.)-148671|140.0|
|Balıkesir(Susurluk/Susurluk Bel./Kiraz Mah.)-148697|86.0|
|Balıkesir(Susurluk/Susurluk Bel./Kışla Mah.)-10594|2177.0|
|Balıkesir(Susurluk/Susurluk Bel./Kocapınar Mah.)-148645|106.0|
|Balıkesir(Susurluk/Susurluk Bel./Kulat Mah.)-148647|56.0|
|Balıkesir(Susurluk/Susurluk Bel./Kurucaoluk Mah.)-148649|173.0|
|Balıkesir(Susurluk/Susurluk Bel./Muradiye Mah.)-148673|506.0|
|Balıkesir(Susurluk/Susurluk Bel./Odalıdam Mah.)-148699|48.0|
|Balıkesir(Susurluk/Susurluk Bel./Okçugöl Mah.)-148675|150.0|
|Balıkesir(Susurluk/Susurluk Bel./Ömerköy Mah.)-148681|260.0|
|Balıkesir(Susurluk/Susurluk Bel./Orta Mah.)-10595|1415.0|
|Balıkesir(Susurluk/Susurluk Bel./Paşaköy Mah.)-148651|83.0|
|Balıkesir(Susurluk/Susurluk Bel./Reşadiye Mah.)-148701|372.0|
|Balıkesir(Susurluk/Susurluk Bel./Şeker Mah.)-10597|362.0|
|Balıkesir(Susurluk/Susurluk Bel./Söğütçayır Mah.)-148653|444.0|
|Balıkesir(Susurluk/Susurluk Bel./Söve Mah.)-148677|448.0|
|Balıkesir(Susurluk/Susurluk Bel./Sülecek Mah.)-148657|73.0|
|Balıkesir(Susurluk/Susurluk Bel./Sultançayır Mah.)-148655|156.0|
|Balıkesir(Susurluk/Susurluk Bel./Sultaniye Mah.)-10596|2601.0|
|Balıkesir(Susurluk/Susurluk Bel./Ümiteli Mah.)-148679|346.0|
|Balıkesir(Susurluk/Susurluk Bel./Yağcı Mah.)-148659|160.0|
|Balıkesir(Susurluk/Susurluk Bel./Yahyaköy Mah.)-148661|364.0|
|Balıkesir(Susurluk/Susurluk Bel./Yaylaçayır Mah.)-148663|273.0|
|Balıkesir(Susurluk/Susurluk Bel./Yeni Mah.)-10598|8959.0|
|Balıkesir(Susurluk/Susurluk Bel./Yıldız Mah.)-148665|438.0|
|||
