||Sütunlar|||
Satırlar||Çocuk Bağımlılık Oranı (%)|Toplam Yaş Bağımlılık Oranı (%)|Yaşlı Bağımlılık Oranı (%)|
||Ölçüm bazında|Ölçüm bazında|Ölçüm bazında|
|||||
|||||
2025|Balıkesir(Altıeylül)-2077|23.73|42.87|19.14|
|Balıkesir(Ayvalık)-1161|22.07|54.86|32.79|
|Balıkesir(Balya)-1169|15.18|72.79|57.62|
|Balıkesir(Bandırma)-1171|22.83|42.65|19.83|
|Balıkesir(Bigadiç)-1191|19.17|45.67|26.51|
|Balıkesir(Burhaniye)-1216|22.53|52.62|30.09|
|Balıkesir(Dursunbey)-1291|19.92|59.62|39.7|
|Balıkesir(Edremit)-1294|24.44|56.59|32.16|
|Balıkesir(Erdek)-1310|19.13|60.51|41.38|
|Balıkesir(Gömeç)-1928|26.58|55.53|28.96|
|Balıkesir(Gönen)-1360|22.37|50.55|28.18|
|Balıkesir(Havran)-1384|30.24|55.25|25.02|
|Balıkesir(İvrindi)-1418|21.03|58.2|37.17|
|Balıkesir(Karesi)-2078|25.03|45.25|20.22|
|Balıkesir(Kepsut)-1462|14.48|51.71|37.23|
|Balıkesir(Manyas)-1514|18.2|63.26|45.06|
|Balıkesir(Marmara)-1824|20.94|53.36|32.42|
|Balıkesir(Savaştepe)-1608|21.09|53.31|32.21|
|Balıkesir(Sındırgı)-1619|17.66|68.96|51.3|
|Balıkesir(Susurluk)-1644|21.69|53.8|32.11|
|||||
